listing_id,has_availability,availability_30,availability_60,availability_90,availability_365
241032,True,14,41,71,346
953595,True,13,13,16,291
3308979,True,1,6,17,220
7421966,True,0,0,0,143
278830,True,30,60,90,365
5956968,True,0,0,27,302
1909058,True,20,49,71,346
856550,True,22,42,42,100
4948745,True,6,36,66,341
2493658,True,6,19,49,324
175576,True,0,0,0,153
4454295,True,21,21,21,229
3883392,True,30,60,90,362
8889257,True,13,40,63,337
5680462,True,19,40,65,327
8988178,True,30,60,69,69
3245876,True,29,59,89,364
4933447,True,29,52,82,171
7735464,True,0,0,0,125
6291829,True,24,54,84,359
9218403,True,29,55,85,360
4125779,True,30,60,90,365
8942678,True,0,0,0,53
10106055,True,30,60,90,365
6362362,True,0,0,0,212
3544550,True,0,3,33,293
9025039,True,0,0,0,49
3200646,True,22,49,49,107
8859380,True,24,54,84,356
4520099,True,0,1,30,305
2481869,True,19,46,62,323
1110749,True,23,50,77,162
5978498,True,0,0,9,213
5021081,True,0,0,0,2
1686930,True,11,38,68,309
7680289,True,30,60,90,353
7207641,True,0,0,0,153
5062445,True,28,58,88,363
8925878,True,16,46,76,351
6389657,True,12,38,40,201
4218733,True,19,46,76,351
2715623,True,0,13,43,310
1392332,True,0,3,33,308
7308567,True,8,34,64,339
6575380,True,0,0,11,285
6004058,True,28,58,87,87
9550869,True,30,60,90,354
8515408,True,30,60,89,89
5383192,True,0,0,20,295
1112092,True,30,60,89,89
7772661,True,25,51,81,142
9254900,True,0,15,29,29
7714294,True,0,0,28,303
10310373,True,18,46,76,351
9368342,True,0,0,0,212
6361863,True,15,39,69,331
8105221,True,30,60,90,364
3269390,True,18,32,50,321
4566393,True,30,60,90,365
9282409,True,0,0,0,247
8095168,True,0,0,0,103
2746782,True,18,45,45,103
6424982,True,29,59,89,345
762029,True,19,44,44,102
8988281,True,30,48,48,48
7077910,True,23,25,25,27
3772674,True,20,45,75,347
7021906,True,3,26,46,175
7618605,True,0,0,0,94
10234558,True,20,50,80,355
7021702,True,0,0,0,166
7680439,True,25,55,85,360
4258515,True,30,60,89,89
1148517,True,29,59,88,88
2487892,True,10,38,68,343
3038772,True,15,43,73,348
699460,True,7,22,52,327
4085439,True,26,49,79,345
8053990,True,21,49,79,354
7011773,True,0,0,0,55
2467550,True,0,0,0,48
2686374,True,27,49,79,354
1956274,True,27,49,79,354
8537192,True,0,0,0,247
5919096,True,16,46,76,215
6516529,True,0,0,0,199
3294243,True,0,3,33,258
10210971,True,28,58,88,363
3584790,True,0,0,0,2
1266459,True,4,30,60,335
9098059,True,17,17,17,17
408526,True,30,60,90,365
4118282,True,13,13,13,80
6813483,True,28,28,28,275
6590264,True,30,49,56,56
2650482,True,30,60,90,365
20927,True,10,40,70,341
4395578,True,21,48,78,331
4995903,True,1,31,60,60
5549211,True,5,28,52,295
8240758,True,0,0,0,94
6856295,True,29,59,89,364
6881188,True,28,58,88,363
1579615,True,21,47,77,340
3766866,True,29,59,88,88
2406966,True,12,35,52,313
4872699,True,30,60,90,364
5470629,True,0,0,0,234
2950213,True,29,59,88,88
9015088,True,19,19,19,266
3979496,True,30,60,90,365
7501919,True,22,52,82,357
4732995,True,30,60,89,89
7134759,True,15,43,45,47
4532538,True,30,60,90,365
7534398,True,1,4,34,114
9387189,True,27,57,87,112
6337492,True,0,0,0,149
10231701,True,30,57,87,176
1609922,True,0,10,11,16
4236723,True,30,57,87,362
7843837,True,22,28,28,183
3076065,True,30,60,90,365
6423204,True,10,25,54,54
8338849,True,0,2,2,249
6401209,True,16,46,72,154
20928,True,15,41,59,334
3344977,True,20,47,77,166
7604621,True,30,60,89,89
3303978,True,24,45,61,150
7067082,True,17,42,69,344
3121829,True,0,0,0,240
2539881,True,0,0,0,2
3678718,True,22,51,81,356
4694479,True,26,53,83,358
6646843,True,9,38,68,340
1364440,True,30,60,90,365
1781873,True,30,60,90,179
4138423,True,21,51,81,352
5562674,True,23,43,73,162
1789341,True,0,4,34,174
4672934,True,30,60,90,352
4550099,True,0,0,0,0
1198799,True,2,32,62,337
5308429,True,0,0,28,168
2769088,True,0,3,33,306
7603135,True,0,10,10,143
9374365,True,12,23,51,326
6106498,True,0,0,0,247
9331449,True,12,23,51,326
8799162,True,30,60,89,89
4317390,True,30,60,90,365
3884851,True,30,60,90,365
3155785,True,0,0,0,125
9368517,True,0,0,0,30
5643240,True,8,8,8,93
5042014,True,0,3,33,308
7724630,True,0,0,0,126
9449437,True,0,0,0,232
3053237,True,28,58,88,363
8132347,True,0,0,0,270
63733,True,28,45,75,164
2039149,True,17,42,58,124
227636,True,0,22,52,320
3689119,True,30,60,90,365
1179538,True,12,23,51,326
6823781,True,24,49,49,324
2284536,True,21,49,75,348
5143441,True,16,43,72,345
5749958,True,9,14,14,60
9116815,True,2,32,62,337
7731836,True,21,39,56,56
10262971,True,30,60,90,365
1407502,True,30,60,90,365
8817038,True,3,25,48,114
4449303,True,20,44,72,85
8255615,True,25,55,85,174
4053092,True,10,37,67,342
6886633,True,27,57,86,361
8820414,True,0,0,0,247
3052151,True,25,55,85,360
2339333,True,0,0,0,131
1618842,True,3,21,49,313
888967,True,30,60,90,179
380950,True,0,0,0,205
8097708,True,30,60,90,365
5671843,True,23,53,83,358
904057,True,8,14,38,258
7161725,True,1,4,34,309
9587410,True,28,56,86,361
9202380,True,24,54,84,358
2238105,True,1,1,1,206
9545766,True,30,60,90,365
2441908,True,23,50,58,289
9367465,True,3,7,31,300
3031415,True,10,20,20,21
843812,True,0,0,5,5
3835995,True,24,51,81,353
9732638,True,0,3,33,308
3768745,True,30,60,90,361
3975434,True,30,60,89,89
5620928,True,30,60,90,365
7381677,True,8,8,8,102
5487934,True,30,60,90,287
9028447,True,30,60,90,365
757840,True,8,30,53,303
8848403,True,30,60,90,365
7430926,True,14,32,58,311
7021544,True,0,0,23,112
1323446,True,2,25,51,326
3925573,True,0,0,0,2
8723086,True,20,50,80,201
781474,True,30,60,89,89
9812439,True,18,48,77,77
3401644,True,0,0,20,20
10036903,True,23,53,83,111
5310193,True,1,3,3,128
5308875,True,4,34,52,320
5052459,True,14,37,53,157
7228499,True,19,42,64,152
7651653,True,1,1,1,131
1494986,True,22,52,78,324
1783382,True,17,47,77,352
7513198,True,0,0,0,139
8308316,True,0,4,33,294
9694921,True,5,20,44,47
2472850,True,30,60,90,365
5487522,True,30,60,89,89
4016650,True,29,59,88,88
10229434,True,27,57,87,362
3479241,True,0,12,42,317
5848400,True,19,19,26,301
6077760,True,24,54,84,359
4642956,True,30,60,90,365
1167507,True,1,31,61,336
6044106,True,25,55,84,84
1799255,True,27,57,87,362
8941768,True,13,43,73,348
6569950,True,0,0,0,196
7733192,True,30,57,87,359
9215782,True,3,3,3,3
5175631,True,23,53,83,347
6315614,True,0,0,0,216
9134193,True,0,0,0,43
2481189,True,30,60,90,332
8535897,True,27,57,85,162
9476826,True,30,60,90,365
3144311,True,30,30,32,307
9370007,True,1,5,35,309
6781308,True,8,28,57,57
160222,True,23,45,55,270
4250367,True,30,60,90,365
8755479,True,29,59,85,360
8829156,True,10,22,22,82
5126077,True,30,60,90,365
6108796,True,25,55,85,85
2692126,True,3,33,63,93
6882211,True,3,3,3,124
9573675,True,30,60,90,365
3544953,True,30,60,90,365
2020505,True,21,46,67,156
5580457,True,30,60,90,179
1495271,True,3,3,3,5
8455865,True,19,49,76,233
9679300,True,27,57,87,362
6065566,True,0,0,0,234
4645208,True,25,55,85,360
6115807,True,30,60,90,160
7091397,True,29,59,89,364
6134153,True,29,59,89,159
7763878,True,30,60,90,365
8088447,True,0,0,0,93
3418349,True,18,48,75,102
9199982,True,28,58,88,177
6400000,True,25,55,85,155
6776229,True,11,33,62,62
7627794,True,30,52,68,68
8374102,True,8,38,68,342
6316934,True,0,15,44,44
1820794,True,6,22,44,231
314180,True,2,32,62,132
8670079,True,0,0,0,69
4868135,True,29,59,89,364
5336585,True,0,0,25,300
1427103,True,11,38,66,341
3518808,True,29,57,69,343
8995844,True,0,0,0,46
356566,True,18,42,72,347
6466388,True,0,0,2,277
4531944,True,20,50,80,342
6686072,True,28,58,88,254
4384343,True,2,32,62,337
7900056,True,26,56,86,359
6378563,True,0,0,0,262
5630783,True,24,38,68,157
340706,True,12,15,30,153
6202214,True,3,33,63,152
1030411,True,0,0,0,0
7922373,True,30,60,90,179
6156470,True,27,57,87,362
2994309,True,30,60,90,344
1594328,True,27,54,54,84
8072920,True,9,26,26,130
6915487,True,0,27,35,304
6202603,True,30,60,90,365
5286781,True,27,57,86,86
2818420,True,30,60,90,365
3739681,True,0,0,0,275
7922063,True,30,60,89,89
611509,True,0,0,0,216
1802663,True,20,42,72,343
9797545,True,0,5,35,310
9241055,True,0,0,0,35
9294832,True,26,46,76,351
8643209,True,30,60,90,365
7258811,True,30,60,90,365
10265391,True,27,57,87,362
132120,True,30,60,90,365
6343866,True,29,59,89,363
3066740,True,0,26,56,331
4130112,True,0,0,0,170
4026757,True,30,60,90,365
9545281,True,0,0,0,20
3294804,True,18,48,78,353
4122325,True,0,0,0,0
8308353,True,23,43,61,61
7226013,True,25,55,85,360
5761290,True,30,60,90,364
182716,True,0,9,23,63
3050140,True,0,0,0,262
3254956,True,30,60,90,365
1264287,True,25,55,85,293
3404557,True,29,59,89,364
3939683,True,29,59,89,364
3424242,True,30,60,90,365
7985714,True,30,60,90,365
4279876,True,13,27,47,111
3870253,True,0,0,0,178
2187563,True,30,60,90,365
3889299,True,30,60,90,365
3889330,True,29,59,89,364
1184846,True,26,56,86,361
3626162,True,0,3,19,270
456040,True,23,50,72,347
9033154,True,0,0,0,48
4340838,True,22,52,82,357
808811,True,30,60,90,365
7368030,True,0,0,0,146
522287,True,30,57,86,86
1940787,True,8,8,15,169
3732103,True,30,60,90,365
43373,True,17,43,63,338
5126365,True,30,60,90,365
7182584,True,0,0,0,251
5325214,True,24,54,81,356
2710274,True,26,56,85,85
5128160,True,0,0,0,140
3424114,True,29,59,89,364
2776890,True,0,27,57,146
4521755,True,30,60,90,361
3456599,True,18,48,78,353
8207848,True,30,60,90,365
10249527,True,7,7,7,7
1252740,True,20,31,61,336
4250938,True,30,60,90,361
3791920,True,17,43,73,348
4258762,True,30,60,90,365
7364146,True,6,32,62,337
6765045,True,0,0,0,0
3193738,True,0,0,2,277
8765219,True,30,60,87,360
8174285,True,2,32,62,337
3403638,True,29,59,89,364
7601333,True,0,0,0,121
6707735,True,0,0,0,267
7322718,True,30,60,89,89
3783162,True,0,0,0,0
6606,True,30,60,90,365
3889280,True,30,60,90,365
3971137,True,29,59,89,364
3889050,True,29,59,89,364
799882,True,0,0,0,212
9508386,True,26,56,86,354
6714817,True,0,0,0,186
3773700,True,0,0,0,0
3773568,True,30,60,90,365
9313974,True,25,55,55,85
6492880,True,0,20,43,275
4879013,True,18,35,58,116
3732094,True,30,60,90,365
873073,True,14,21,21,21
234898,True,3,3,3,66
8533375,True,29,59,89,364
6854019,True,0,0,0,176
8418650,True,5,27,36,235
3732076,True,29,59,89,364
4608592,True,30,60,90,343
4862719,True,30,59,88,363
668169,True,1,4,33,33
429453,True,2,32,62,337
10124808,True,28,51,81,339
7459684,True,9,19,49,313
5992645,True,10,30,60,334
7917718,True,0,0,0,191
2986056,True,29,59,89,364
2011193,True,5,5,12,154
3768626,True,28,58,88,363
2026794,True,26,56,85,85
9154294,True,25,50,80,351
430610,True,24,54,84,359
3231850,True,23,44,66,328
2976798,True,23,53,80,333
703058,True,10,27,27,193
7826541,True,0,0,0,119
240920,True,0,3,33,308
6655233,True,0,0,0,121
9866461,True,29,56,56,57
7957729,True,0,0,0,102
1428687,True,27,50,80,355
4803403,True,3,33,63,338
11012,True,30,60,90,365
3888924,True,29,59,89,364
8842808,True,30,60,90,365
1114695,True,20,50,80,355
1715582,True,0,0,0,94
6704734,True,0,0,2,277
8555098,True,30,60,90,365
1214316,True,0,5,35,310
7325455,True,25,55,85,360
6325685,True,24,54,84,259
9596,True,28,58,88,363
9568491,True,21,51,81,356
1747184,True,0,0,0,121
8653843,True,30,60,90,365
6727729,True,0,5,5,190
3888986,True,30,60,90,365
4135710,True,21,51,81,140
3652434,True,28,54,84,359
7667990,True,0,0,0,116
4047058,True,26,41,64,339
7163934,True,24,54,83,83
7717478,True,10,14,14,198
4653552,True,13,13,13,76
6915439,True,0,0,0,19
506542,True,30,44,74,349
4046863,True,16,46,76,350
3915826,True,0,0,0,124
4787415,True,29,59,89,364
1602488,True,30,60,90,365
8459215,True,30,60,90,365
10274175,True,12,40,70,345
9167786,True,28,58,88,363
5686435,True,29,59,89,178
7939058,True,30,60,90,365
8392801,True,6,36,66,341
7404370,True,0,0,0,144
3720511,True,30,60,90,365
8193332,True,0,0,2,126
7957904,True,0,0,0,111
4555997,True,12,42,71,159
2267088,True,12,26,41,283
108468,True,30,60,90,365
6400379,True,10,40,70,345
5948003,True,25,55,84,84
5058086,True,28,56,79,354
1209255,True,13,13,13,260
1914051,True,10,35,38,309
2923529,True,16,37,67,342
1027860,True,0,3,33,308
2373176,True,8,31,61,336
6404427,True,21,51,81,170
8517602,True,20,42,71,329
7035240,True,0,0,0,165
4583161,True,25,55,85,360
7967844,True,18,18,45,95
6562393,True,0,0,0,196
7807087,True,7,22,29,269
5405643,True,22,49,79,313
7011200,True,19,49,79,354
610989,True,0,0,0,2
7839535,True,5,22,52,141
4814894,True,14,14,14,128
186328,True,0,26,56,331
7492877,True,17,47,77,352
6576228,True,0,0,0,63
241016,True,19,49,79,354
6968101,True,10,19,19,187
5648564,True,3,33,63,337
4116645,True,3,29,59,334
2419879,True,0,26,56,331
6425735,True,0,0,0,189
8105351,True,10,10,10,113
9136499,True,0,0,0,42
3639023,True,30,60,90,365
6724599,True,4,34,63,63
4211629,True,0,0,0,116
7151924,True,24,54,84,359
704764,True,25,47,54,166
1796217,True,22,52,82,202
4661812,True,20,50,80,355
8811945,True,0,0,0,0
1090307,True,2,32,62,337
15108,True,0,1,31,306
1882316,True,11,11,11,286
1095207,True,0,0,0,155
1343805,True,0,0,0,153
9217150,True,8,24,50,321
103920,True,30,60,90,365
2215336,True,30,60,86,361
1483944,True,0,0,2,277
6466129,True,6,6,6,253
8536441,True,21,39,55,55
6262987,True,0,0,0,121
8379081,True,23,53,83,228
8365938,True,30,60,90,365
9921445,True,30,60,90,365
132160,True,30,60,90,179
2033191,True,14,44,74,346
8849407,True,30,60,90,365
9922335,True,30,60,90,362
7243974,True,0,0,0,153
6490453,True,30,60,90,365
4025593,True,15,42,54,142
8556103,True,29,55,85,269
955506,True,30,60,90,365
9868607,True,0,0,0,1
8668073,True,30,60,90,365
790860,True,3,33,63,338
261912,True,0,0,0,18
368403,True,16,46,76,335
9878971,True,24,24,24,25
5602370,True,3,33,63,318
9395217,True,0,4,34,309
7331079,True,0,0,0,148
580182,True,2,21,38,236
8152191,True,5,35,65,340
103908,True,30,60,90,365
783061,True,9,12,42,245
7901725,True,0,0,0,114
4968752,True,5,14,24,91
14386,True,8,11,41,316
7517215,True,30,60,90,365
1602421,True,0,0,0,124
3821822,True,25,55,85,360
6073437,True,0,0,0,247
7917700,True,30,60,90,365
6278181,True,0,0,0,121
4279578,True,30,36,60,149
9907337,True,30,60,90,365
1796861,True,0,3,33,308
4211836,True,0,0,0,0
4025954,True,26,47,77,352
6154478,True,28,58,88,363
84030,True,30,60,90,365
4235559,True,0,0,27,27
830948,True,30,60,90,365
3468261,True,0,0,0,91
10026648,True,13,13,13,13
9117633,True,10,37,37,37
9158383,True,0,0,0,41
1145590,True,30,60,90,365
5020848,True,30,60,90,365
9600159,True,0,0,0,16
3522409,True,20,44,74,338
9492873,True,24,49,73,348
5534463,True,30,60,90,363
9409233,True,30,60,90,365
9531265,True,30,60,90,365
5364609,True,0,0,10,10
6629132,True,30,60,90,365
5489676,True,0,0,0,0
9347157,True,13,43,73,345
10035644,True,1,1,3,278
8293287,True,30,60,89,89
910784,True,21,49,79,346
7071222,True,0,0,0,90
8687716,True,27,57,87,362
7430679,True,28,28,28,244
180939,True,30,60,90,365
6884604,True,0,0,27,302
7397476,True,30,60,90,365
1063855,True,30,60,90,365
8865006,True,23,48,77,77
8069192,True,30,60,90,338
2800448,True,16,44,71,71
9076287,True,30,60,90,365
7462439,True,30,60,90,365
8225635,True,30,60,90,365
2966415,True,27,57,87,362
4639465,True,30,60,90,357
7402190,True,30,60,90,365
9448719,True,30,60,90,365
5670781,True,11,28,43,222
1905473,True,0,26,56,331
7266662,True,29,59,89,364
9095510,True,30,60,90,365
7401854,True,0,0,0,145
5174876,True,30,60,74,349
1256883,True,0,0,7,282
8072850,True,0,0,0,101
6706377,True,0,0,0,0
9738522,True,27,57,87,358
2995996,True,0,0,18,293
6674408,True,3,29,54,111
6801095,True,30,60,90,365
143704,True,23,53,72,347
9258305,True,30,60,90,179
3727017,True,0,0,0,149
789966,True,30,60,90,365
6864319,True,0,0,0,176
1539463,True,30,60,90,365
9591787,True,26,56,86,361
10279830,True,2,32,62,337
1956553,True,26,56,86,175
7396508,True,30,60,90,365
6272065,True,0,0,0,219
7072218,True,7,37,66,66
7075948,True,30,60,90,365
7543458,True,5,12,42,118
3769336,True,16,46,76,165
8666707,True,0,0,0,92
7205443,True,0,0,0,255
193371,True,0,0,0,46
9957555,True,24,54,83,83
6795678,True,13,43,73,134
9300972,True,0,0,0,33
8047522,True,30,60,90,365
9457328,True,11,41,71,346
6576006,True,8,30,50,303
7971334,True,30,60,90,365
1984962,True,30,60,90,365
9292039,True,30,60,90,365
6661617,True,5,25,25,242
8848854,True,0,0,0,67
3251069,True,30,60,90,365
4111137,True,22,47,73,342
4760472,True,20,46,76,335
8968925,True,30,60,90,365
3293438,True,21,32,54,131
9210978,True,0,0,0,37
3319386,True,30,60,90,365
7717813,True,23,53,83,358
5578943,True,3,24,54,143
7660932,True,0,0,0,247
4271221,True,27,57,87,360
6358605,True,0,26,56,331
1439237,True,9,39,69,344
7775167,True,0,0,0,274
7437784,True,0,0,0,0
9628972,True,19,44,73,73
8425013,True,23,49,76,332
6925807,True,30,60,90,365
7400955,True,0,0,0,149
8174389,True,0,0,0,98
6292452,True,0,0,0,19
9095668,True,0,0,0,0
413733,True,30,60,90,365
8783900,True,30,60,62,106
639130,True,0,23,50,322
2484067,True,30,60,90,365
3533112,True,0,0,0,0
2249292,True,21,21,21,170
7838294,True,0,0,0,119
6133354,True,28,58,88,363
7987836,True,30,60,90,365
9910025,True,25,52,80,344
7364024,True,10,40,70,345
9362082,True,10,13,13,43
8847108,True,16,39,69,344
7462428,True,30,60,89,89
4370312,True,8,25,54,54
4053972,True,19,49,79,168
6209191,True,30,60,89,89
10123910,True,30,60,90,365
6412858,True,0,2,29,29
3987838,True,3,31,50,77
7027507,True,3,3,26,26
6587443,True,7,35,64,64
10204689,True,20,20,20,22
1029680,True,0,0,0,231
7208439,True,29,49,79,354
8327765,True,29,59,89,364
3953611,True,19,44,74,160
2584354,True,0,0,28,303
4574700,True,0,6,6,207
5685646,True,19,49,79,347
977722,True,1,27,57,105
2931922,True,30,60,90,365
8253955,True,30,60,90,365
6426462,True,27,27,27,277
8154238,True,30,60,90,365
5020861,True,29,39,69,344
9611409,True,29,59,88,88
9282348,True,0,0,0,34
8939306,True,23,53,83,358
5423692,True,30,60,90,365
9159975,True,30,60,90,365
7561272,True,29,59,89,209
7326419,True,17,47,77,352
9373607,True,20,50,79,79
6717555,True,0,0,0,185
8939433,True,10,29,59,334
8939503,True,13,37,56,331
8742753,True,30,60,90,365
8939687,True,15,35,63,338
3793406,True,0,0,0,0
9134196,True,22,44,74,163
6007267,True,0,0,0,2
3422894,True,0,0,0,2
3630581,True,30,60,90,349
9394508,True,17,47,77,352
7348578,True,23,53,82,82
8869680,True,0,13,40,315
7678429,True,0,0,0,129
2979387,True,30,60,90,365
1531458,True,18,48,78,353
1549973,True,30,60,90,365
1123977,True,30,60,90,365
5719631,True,30,60,90,365
9580209,True,30,60,90,365
9364220,True,27,57,87,362
9663221,True,30,60,90,365
9636952,True,30,60,90,365
8594059,True,12,42,72,347
6278756,True,0,0,0,204
3679617,True,30,60,90,365
9416551,True,5,35,65,340
8322107,True,0,0,0,90
9511676,True,8,38,51,98
3158243,True,16,16,16,221
8327124,True,20,43,73,331
4311078,True,26,48,70,329
3329962,True,30,60,90,365
3263071,True,30,60,90,365
7302675,True,0,0,0,150
6250399,True,30,60,90,179
7387294,True,16,43,45,320
7363462,True,29,59,88,88
6796336,True,0,0,0,180
8156894,True,30,60,90,365
1150519,True,20,33,63,338
5969872,True,1,31,61,336
9617068,True,30,60,90,365
4438188,True,8,36,36,118
1521633,True,30,60,90,365
6623079,True,0,0,0,192
7561254,True,24,54,84,173
3494608,True,24,50,80,143
3085726,True,30,60,90,365
2256124,True,25,53,83,168
7071021,True,30,60,90,365
9465815,True,21,21,21,45
6938103,True,0,12,42,317
6913414,True,18,48,74,236
3706719,True,30,60,90,365
8174626,True,26,56,86,361
1571230,True,30,60,90,365
4270642,True,30,60,90,365
5407311,True,24,44,74,228
9976135,True,0,0,10,10
9558353,True,7,28,57,57
7247767,True,26,56,86,361
7035077,True,30,60,90,365
7353834,True,0,0,0,146
9319891,True,27,27,27,278
6575407,True,30,60,90,365
7550234,True,28,58,86,86
8939736,True,1,21,49,324
7247720,True,28,58,88,363
1786923,True,14,44,74,349
7649837,True,25,55,84,84
3610724,True,26,56,86,361
7988337,True,26,56,86,357
1773803,True,27,57,87,362
7536074,True,30,60,90,365
3770248,True,30,60,90,365
9097754,True,30,60,89,89
3291295,True,29,59,88,88
8171726,True,0,0,0,0
10031055,True,23,53,82,82
8939595,True,24,51,81,356
8155580,True,30,60,90,365
6705584,True,30,60,90,365
1417880,True,30,60,90,365
7245692,True,21,51,81,356
7153101,True,17,39,69,335
9014572,True,30,60,90,365
585418,True,15,45,75,171
4484426,True,30,60,90,365
3291777,True,30,60,90,365
3096191,True,30,60,90,365
9865846,True,29,59,89,364
6249536,True,30,60,90,365
5744931,True,30,60,90,365
8156764,True,3,33,63,338
3303857,True,30,60,90,365
8155710,True,30,60,90,365
3843706,True,13,33,45,309
8156860,True,30,60,90,365
9316399,True,30,60,89,89
293890,True,0,0,0,214
7915432,True,30,60,90,365
7501583,True,0,0,0,139
10126050,True,28,28,28,28
7807658,True,30,60,90,365
1589461,True,30,60,90,365
9303530,True,30,60,90,365
7809718,True,12,28,42,317
140331,True,30,60,90,361
9462315,True,30,60,90,365
565703,True,14,29,59,334
1147349,True,0,26,56,331
7262358,True,3,33,63,338
723723,True,30,60,90,365
4757025,True,5,33,61,150
3334052,True,20,50,80,353
7036707,True,19,38,51,303
5272327,True,14,38,68,157
3921664,True,26,56,79,87
9974658,True,30,57,57,59
2727984,True,0,0,0,216
794633,True,10,36,62,337
3959442,True,20,50,80,351
6761267,True,17,44,73,322
6824408,True,0,0,0,0
2526129,True,0,0,0,85
7859906,True,9,39,68,68
9636248,True,28,58,88,359
4623541,True,0,0,0,156
1970725,True,30,60,90,365
4418480,True,30,60,90,365
911001,True,16,18,19,235
6670332,True,30,56,80,331
1249060,True,18,18,18,75
1566487,True,26,56,86,361
9711153,True,5,26,31,110
444221,True,16,40,69,137
1018204,True,7,23,45,192
4856986,True,0,0,0,135
2130652,True,8,28,51,302
5524530,True,9,39,69,332
9216874,True,0,0,0,48
7971395,True,30,60,90,359
2593263,True,26,56,86,358
443580,True,23,45,65,240
1614502,True,30,60,90,365
4477426,True,30,60,90,365
7648716,True,0,0,0,131
9696912,True,30,60,89,89
3585592,True,0,0,0,184
3757858,True,30,60,90,360
7219838,True,30,60,89,89
6022715,True,0,0,0,238
7685745,True,27,57,87,362
4565370,True,15,38,65,338
4783817,True,30,60,89,89
2593176,True,20,50,80,352
3143227,True,18,46,76,348
1214306,True,17,41,71,346
9448215,True,30,60,90,365
9369481,True,30,60,90,365
3533224,True,16,46,76,351
443736,True,14,44,71,245
6675927,True,16,46,76,165
1772119,True,17,47,77,342
7808495,True,0,0,0,120
4539948,True,4,6,14,14
7768727,True,26,56,86,361
769213,True,12,31,61,336
5328449,True,0,27,57,332
1763809,True,10,37,67,337
1499596,True,4,9,9,9
4737727,True,0,0,0,0
8242212,True,30,60,90,365
8186781,True,23,53,83,142
7229015,True,28,58,88,363
5814207,True,0,0,0,256
2274086,True,30,60,90,365
4387985,True,26,56,86,235
9909445,True,23,53,82,82
7664899,True,30,60,90,365
4773614,True,10,13,21,296
3946674,True,29,59,86,361
8616488,True,0,0,0,77
7518316,True,2,29,59,329
5259194,True,6,14,44,120
9256702,True,12,36,66,341
9240289,True,0,0,0,36
2032805,True,15,45,75,340
3751503,True,30,60,90,365
7581974,True,0,0,0,0
6558980,True,30,60,90,179
2399736,True,13,31,45,278
8674765,True,2,32,62,334
6004165,True,23,32,32,249
1826155,True,23,53,83,343
4857192,True,0,0,0,135
7748905,True,2,23,49,321
973859,True,30,60,90,365
6716380,True,0,0,0,185
7953211,True,22,52,82,357
5241773,True,2,9,30,99
3144597,True,18,48,78,167
7698916,True,0,0,0,127
7305969,True,30,60,90,365
5069495,True,11,41,69,319
1817878,True,0,0,0,269
4430381,True,21,51,78,335
6528192,True,2,14,44,44
3177005,True,0,8,36,311
4430233,True,20,50,77,340
670009,True,30,60,90,365
4577542,True,26,52,77,334
6764646,True,0,0,0,255
4256705,True,21,51,81,352
8812578,True,0,0,0,247
341454,True,20,50,77,318
8195629,True,6,6,6,103
2577625,True,22,25,53,300
555858,True,30,60,90,365
4814811,True,0,0,0,92
9484823,True,30,60,90,365
660603,True,28,31,58,333
3940265,True,21,49,79,354
7500976,True,0,0,0,247
9516608,True,18,18,18,37
9712716,True,30,60,90,365
5813657,True,0,0,0,94
8884826,True,24,49,74,349
1978743,True,17,47,77,340
6091789,True,0,0,0,0
6165353,True,30,60,90,365
1244053,True,30,60,89,89
8508223,True,30,60,90,365
6991188,True,3,8,35,310
7344117,True,21,49,78,188
9506766,True,22,52,82,357
6451305,True,25,52,74,318
7531405,True,0,0,0,138
9612147,True,30,59,59,59
666897,True,2,32,62,337
4061051,True,28,58,88,363
3394338,True,30,60,90,365
4238106,True,0,0,24,24
7350059,True,23,46,76,351
5262750,True,1,14,14,251
2802844,True,22,52,62,328
3123632,True,0,26,56,331
3024336,True,30,60,90,365
8652185,True,0,0,0,62
10192213,True,30,60,90,365
3970736,True,27,57,87,350
4546924,True,25,49,79,231
2760901,True,30,60,90,365
3490239,True,30,60,90,359
3416217,True,30,60,90,365
5537833,True,30,60,90,365
8372562,True,0,0,0,75
8866960,True,5,5,5,62
3354614,True,30,60,90,365
8953857,True,0,0,2,277
7093738,True,0,0,20,20
5277900,True,0,0,0,110
1171574,True,7,20,32,280
1818754,True,26,26,26,83
74328,True,30,60,90,365
6728017,True,0,0,0,185
2612399,True,6,25,38,292
2515795,True,30,60,90,365
7093910,True,0,0,20,20
4170863,True,2,32,62,330
7941079,True,30,60,90,365
1442973,True,0,0,0,215
4396961,True,30,60,90,365
5859152,True,30,60,90,365
8555794,True,30,60,90,365
2112625,True,0,3,33,292
8814802,True,30,60,90,365
8273948,True,20,50,80,169
319768,True,0,0,0,96
1961671,True,0,0,0,0
3691288,True,14,44,51,288
8703557,True,30,60,90,365
8525338,True,2,32,62,337
8049470,True,0,0,0,106
1455908,True,10,40,70,345
8525825,True,30,60,90,365
3463245,True,0,0,0,240
4172364,True,30,60,90,365
3728802,True,0,0,0,0
6512378,True,6,36,66,341
785830,True,0,0,0,72
8616606,True,20,48,74,347
5078244,True,21,51,81,356
7921278,True,17,47,77,352
8016610,True,24,54,84,229
4468524,True,18,48,78,353
8424532,True,18,40,70,292
6990882,True,15,24,45,302
4017140,True,2,28,47,47
9489310,True,30,60,90,365
8104742,True,19,49,79,350
9407255,True,17,47,77,166
6475289,True,20,50,80,250
1377812,True,30,60,90,365
9512909,True,5,22,42,220
4432489,True,30,58,88,359
7471629,True,28,58,87,87
8067827,True,30,60,90,365
4384095,True,30,60,90,365
1351716,True,0,0,0,266
8392661,True,1,1,20,22
281208,True,22,52,82,269
7859909,True,30,60,90,365
9416373,True,30,60,90,365
1404307,True,30,60,90,365
7480843,True,30,60,90,365
877203,True,3,33,63,338
7037291,True,0,0,15,104
7931386,True,28,58,88,363
8173825,True,0,0,0,98
6759104,True,26,56,85,85
7619060,True,22,52,82,168
7095802,True,24,54,84,359
8103432,True,30,60,90,365
3998922,True,21,51,72,161
8922153,True,0,0,0,55
5932882,True,29,59,88,88
6187340,True,2,2,3,3
8350401,True,30,60,90,365
1273432,True,0,26,56,331
2830174,True,2,32,62,337
9370866,True,16,31,34,250
8339303,True,5,31,61,336
8107555,True,0,0,0,95
3946160,True,16,44,74,163
4061207,True,0,0,0,58
113951,True,2,32,62,337
5102135,True,0,19,49,324
5060388,True,0,0,12,203
286712,True,30,60,90,365
5463875,True,0,0,0,194
4316910,True,30,60,90,365
7093986,True,0,0,20,20
4777832,True,9,35,63,152
7429207,True,0,0,0,142
7664565,True,5,5,5,132
5792683,True,30,60,90,365
1856970,True,30,60,90,362
4084712,True,8,22,30,30
6411986,True,28,58,88,363
9258687,True,0,0,0,34
9426058,True,0,0,0,26
9736801,True,30,60,90,365
4297068,True,0,0,0,0
8221520,True,23,53,62,62
2387605,True,22,52,82,171
8389809,True,30,60,90,365
7048843,True,20,50,79,79
879181,True,1,31,61,336
6423488,True,2,32,62,337
7241905,True,0,0,0,154
1246809,True,30,60,90,365
10273158,True,21,47,77,352
5615620,True,17,47,77,219
936484,True,30,60,90,361
5415077,True,21,51,80,80
938785,True,30,60,90,359
934216,True,28,58,88,362
6119821,True,20,50,75,342
3385421,True,30,60,90,364
5981343,True,26,55,85,336
9706229,True,22,52,82,354
8212989,True,0,0,0,84
9444769,True,14,33,54,324
5422159,True,15,45,75,350
9532861,True,0,0,27,27
3380159,True,27,57,87,148
9294683,True,13,36,61,77
8253456,True,2,32,60,154
944237,True,20,45,62,314
4165387,True,22,50,79,79
9866984,True,5,23,41,288
7179337,True,19,38,63,312
9768655,True,30,60,90,360
8015531,True,13,43,70,70
991961,True,17,41,64,139
4597584,True,30,60,90,365
8035212,True,10,29,48,185
8053396,True,18,44,67,67
9634448,True,23,53,83,358
2516391,True,24,54,76,351
7581631,True,16,37,51,323
7067650,True,0,0,0,121
706385,True,21,39,69,155
6005443,True,0,0,28,303
6883913,True,12,26,56,331
6523393,True,21,51,81,356
7922676,True,0,0,0,0
6766513,True,13,43,73,162
682135,True,0,3,31,306
4678866,True,30,60,90,365
708774,True,14,25,55,330
3158210,True,29,59,89,364
1494828,True,16,38,68,331
7291403,True,0,0,0,247
7075357,True,1,1,1,125
8000037,True,0,0,0,109
1652097,True,24,54,84,359
4660460,True,0,20,42,314
1944596,True,10,24,36,255
5593504,True,30,60,89,89
7999692,True,0,0,0,109
619366,True,28,44,74,102
7999972,True,0,0,0,109
3379116,True,25,55,85,297
10272763,True,30,60,90,365
10077121,True,26,52,82,357
7536219,True,25,55,84,84
4688603,True,0,0,0,0
7936877,True,0,0,0,113
3627658,True,0,26,56,331
6363779,True,0,0,0,211
2693137,True,30,60,90,365
7697340,True,5,24,54,205
5707514,True,30,60,90,365
7844444,True,0,0,0,118
7481498,True,30,60,89,89
535300,True,26,56,86,361
68508,True,19,49,79,308
8294379,True,17,47,76,76
9137487,True,0,0,0,42
4481979,True,26,52,82,321
5353512,True,0,30,60,335
244499,True,6,34,64,339
3316219,True,11,41,71,160
6613601,True,0,0,0,144
7833113,True,0,0,0,119
7439802,True,4,11,17,240
10135378,True,3,6,13,13
9330174,True,8,14,14,14
9597415,True,0,0,0,16
8831088,True,0,0,0,59
7401671,True,30,60,90,365
5330475,True,3,33,63,338
8067001,True,0,0,0,105
8829089,True,30,60,90,365
8814555,True,0,0,0,61
6852288,True,30,60,89,89
6913706,True,1,2,2,178
2387265,True,30,60,89,89
48319,True,0,3,33,122
9885225,True,4,34,64,126
8083242,True,30,60,90,365
8704964,True,30,60,90,365
6990477,True,21,25,54,115
117862,True,0,0,30,305
7777219,True,25,55,85,174
7203765,True,2,2,2,148
7840228,True,5,33,63,121
7438635,True,4,18,42,302
9389755,True,4,34,63,63
9151865,True,30,60,66,66
7204672,True,0,0,0,152
5579427,True,30,60,89,89
6734621,True,30,60,90,352
2263643,True,28,58,72,320
4608208,True,29,59,89,364
9999955,True,15,45,75,350
3528627,True,30,60,90,365
8048333,True,2,32,62,337
8050642,True,25,55,85,324
7329805,True,18,48,78,279
6848455,True,28,58,88,363
9695233,True,30,60,90,365
5164581,True,10,28,28,43
2208757,True,0,9,10,10
226536,True,0,0,2,277
176678,True,30,60,90,365
7050534,True,0,0,0,156
8248970,True,30,60,90,365
4824699,True,30,60,90,365
3876097,True,29,59,82,357
1260259,True,30,60,90,365
8443952,True,30,60,89,89
10068879,True,30,60,90,365
8173487,True,30,60,90,365
685600,True,30,60,90,365
8483477,True,30,60,90,365
10136155,True,0,0,0,45
6959336,True,30,60,89,89
5195064,True,3,20,48,63
9961538,True,6,29,51,51
8301680,True,1,1,1,82
492287,True,30,60,90,365
8029177,True,29,59,89,351
7343707,True,19,42,72,347
8882345,True,14,28,42,287
7676574,True,30,60,90,365
3354761,True,30,60,90,179
3561237,True,30,60,90,365
1831338,True,30,60,90,365
1840671,True,30,60,90,365
5559643,True,30,60,90,365
8327083,True,20,47,77,331
8087037,True,30,60,90,365
1696015,True,27,27,29,290
6855839,True,2,2,4,93
3345341,True,0,0,0,0
4410493,True,27,57,87,358
19619,True,16,39,58,137
7597244,True,3,31,61,322
5736082,True,0,3,33,308
3697351,True,10,36,59,330
6958436,True,30,60,89,89
9652574,True,1,1,1,46
7109376,True,30,49,75,350
3534364,True,0,0,0,30
6671901,True,25,55,85,347
6370313,True,30,60,89,89
9863484,True,16,32,61,61
7249631,True,30,60,90,173
9183838,True,30,57,57,57
6222245,True,0,28,58,328
10292753,True,2,32,59,152
7760836,True,28,58,82,82
7324993,True,8,30,46,178
5760902,True,18,48,74,225
7035498,True,21,51,81,199
8956631,True,14,34,64,92
6766708,True,30,60,90,365
6992696,True,0,0,0,167
4264043,True,13,36,53,290
6186081,True,14,14,14,21
1472532,True,27,31,54,327
5900224,True,2,2,24,66
9374358,True,20,43,64,333
5874421,True,19,35,60,121
8829474,True,20,46,76,257
6228474,True,15,45,75,156
4637670,True,2,32,62,337
3995007,True,15,15,37,37
19611,True,22,46,76,151
10076279,True,0,11,11,11
1200829,True,30,58,88,171
3673759,True,28,58,88,363
206781,True,11,41,71,346
988176,True,8,38,68,189
3686556,True,13,34,64,339
2881446,True,23,37,65,226
9318853,True,0,0,0,32
6328150,True,20,24,24,173
2154617,True,22,51,81,340
6658052,True,16,29,29,29
6187841,True,30,60,90,365
9371895,True,0,0,0,2
4318031,True,16,44,73,73
6364549,True,25,39,39,314
8326940,True,29,59,89,364
7826593,True,30,60,90,365
8168476,True,13,30,48,323
6482984,True,30,60,90,365
6316917,True,30,60,90,334
7922581,True,26,56,86,172
4110396,True,30,60,90,365
5446176,True,24,54,84,359
4669377,True,30,60,90,365
4151430,True,19,44,74,349
5446513,True,30,60,90,361
3793185,True,30,60,90,365
937370,True,27,57,87,361
1833250,True,3,33,63,335
902243,True,22,52,78,353
4053644,True,0,0,0,0
1084046,True,23,53,83,357
8016481,True,0,0,0,107
8811781,True,20,50,80,350
4243163,True,26,52,75,288
4569115,True,30,60,90,151
4464824,True,27,57,87,362
9258513,True,1,31,61,336
4190771,True,30,55,85,349
3543084,True,16,35,65,149
6263270,True,22,22,52,291
7807169,True,27,57,87,361
844939,True,18,45,61,336
8890682,True,18,48,78,353
3998984,True,0,26,55,55
6315435,True,28,55,85,156
6704004,True,18,48,76,163
1797207,True,28,55,78,149
271509,True,25,53,83,172
10156116,True,30,60,90,365
4410789,True,30,60,90,364
9577993,True,16,16,16,17
9352620,True,0,0,0,186
9532957,True,0,0,0,20
8354452,True,30,60,89,89
9497431,True,19,49,79,135
217142,True,11,37,67,330
1732280,True,27,57,87,361
4240933,True,26,55,83,357
443942,True,30,60,90,365
6489648,True,0,0,0,0
8308386,True,27,57,87,361
8227038,True,0,9,23,209
2489339,True,0,0,0,0
8054892,True,23,50,72,157
1493197,True,26,56,86,190
4417792,True,21,47,77,197
5048597,True,22,40,66,333
6278191,True,29,59,88,88
8891577,True,3,33,63,212
4163306,True,30,60,90,358
59827,True,24,54,84,204
9505340,True,25,55,85,268
3992155,True,20,41,71,160
8571518,True,5,5,13,90
3820186,True,13,24,48,278
1084084,True,30,60,90,364
257140,True,30,60,90,204
8956628,True,21,48,48,50
8637174,True,7,26,43,116
8815061,True,29,57,87,145
4677524,True,22,49,79,352
3139847,True,25,49,49,49
6975036,True,5,8,36,204
4151093,True,29,57,84,359
4256558,True,23,51,81,201
2110357,True,28,58,84,352
8147986,True,30,60,89,89
2905375,True,9,39,69,147
4257097,True,30,60,90,365
931154,True,25,55,85,359
6370655,True,30,60,89,89
4363919,True,30,60,90,362
8722230,True,0,26,56,331
5019444,True,0,4,14,157
931758,True,25,55,85,356
301059,True,27,53,83,172
8815638,True,24,47,77,136
7264667,True,30,60,90,365
2068301,True,0,1,4,98
8487843,True,26,56,86,258
8608233,True,30,60,90,365
5446156,True,25,49,79,354
2691273,True,30,60,90,179
7807090,True,7,34,64,338
8306646,True,30,60,90,364
9666446,True,20,50,80,354
1055661,True,23,44,74,149
7806698,True,24,54,84,358
24212,True,20,50,66,144
8027776,True,17,43,70,72
6868378,True,16,40,62,141
7249508,True,19,49,79,168
7544337,True,25,55,85,352
19623,True,25,53,83,172
4210585,True,30,58,88,362
5784320,True,30,60,90,364
7347229,True,14,44,73,73
4676275,True,30,60,90,365
2489283,True,25,55,80,167
277416,True,24,54,84,355
7699356,True,26,26,26,28
5847934,True,26,48,78,348
9886971,True,15,20,50,234
5446180,True,30,60,90,360
4242626,True,16,38,64,316
3226793,True,30,60,90,365
23430,True,20,44,74,158
2186330,True,30,60,90,364
9477204,True,0,0,0,23
5683765,True,26,56,86,361
9900319,True,3,3,3,5
5691933,True,23,50,77,314
8829472,True,16,20,50,231
5183938,True,0,0,19,287
224763,True,0,30,60,335
4520179,True,28,58,88,363
9263252,True,23,53,83,358
284813,True,0,0,0,0
4402880,True,23,37,65,329
2660384,True,28,55,84,84
6973790,True,14,38,65,336
7116795,True,19,46,76,351
9910189,True,0,0,0,0
6854552,True,12,12,41,63
1857141,True,14,42,71,71
8668410,True,22,52,82,356
8517235,True,1,8,8,8
4311244,True,23,53,80,347
7616008,True,26,56,86,346
4776823,True,24,52,81,81
8082659,True,24,54,84,173
808134,True,27,53,76,162
8984454,True,0,0,0,51
6403878,True,0,0,0,0
8427254,True,0,3,33,303
529090,True,30,60,90,365
2392869,True,6,36,63,122
5289293,True,13,37,64,64
4783585,True,25,51,81,342
286080,True,28,58,86,172
1601714,True,30,60,90,365
9474025,True,30,60,90,365
5459895,True,30,60,90,365
7360078,True,30,60,90,365
8843162,True,0,0,3,276
8409750,True,9,20,29,206
6033201,True,2,32,62,328
5058302,True,25,52,82,357
4264056,True,9,22,32,269
1707064,True,28,54,84,359
8236094,True,21,51,81,351
8072907,True,18,45,75,262
4082986,True,7,23,32,255
9138600,True,28,58,88,351
7922197,True,0,10,10,251
10235014,True,3,3,3,3
4190689,True,0,0,0,227
3033913,True,16,42,67,67
6362918,True,0,12,42,312
2935486,True,21,39,61,287
9031119,True,26,52,82,140
5270886,True,24,52,82,349
59838,True,18,41,65,154
7727428,True,0,0,0,126
59708,True,18,44,74,163
1476298,True,25,55,58,296
6850007,True,30,60,90,365
8922554,True,0,0,0,9
7440415,True,27,28,58,86
6490091,True,21,51,80,80
9311687,True,14,39,61,331
8103365,True,0,0,0,103
631445,True,29,52,82,357
6545773,True,0,0,0,197
8036985,True,19,46,76,351
9699490,True,0,0,0,0
4661374,True,0,0,0,178
365550,True,10,36,57,321
7777381,True,30,44,74,347
1778989,True,5,5,5,265
5031285,True,21,51,81,356
5031383,True,25,55,85,360
9685856,True,30,60,90,365
208356,True,13,39,69,340
9449062,True,4,4,4,15
3552523,True,21,21,21,21
3487824,True,24,49,61,61
8501705,True,12,28,48,296
10140582,True,16,16,16,16
8068232,True,30,60,90,365
1709737,True,30,60,90,364
9408991,True,0,0,0,28
7110655,True,20,42,42,135
9012948,True,8,16,24,72
8372038,True,12,33,59,331
2051658,True,30,60,90,262
7506165,True,28,58,88,334
7311407,True,17,44,71,340
397117,True,16,44,64,324
4516960,True,25,49,73,273
9089308,True,21,51,81,356
934123,True,26,56,86,360
3891695,True,30,60,90,157
6514446,True,15,36,59,327
9863312,True,30,60,90,365
8805211,True,27,57,87,145
7954781,True,0,0,0,66
2944021,True,24,52,73,336
4395349,True,30,60,90,365
3282000,True,30,60,90,365
6687939,True,16,46,75,75
6613192,True,0,0,0,119
9900303,True,0,0,0,0
7860710,True,21,48,70,342
7510776,True,30,60,90,273
6773472,True,0,0,0,149
7965184,True,30,60,90,365
9183380,True,17,47,77,137
9201292,True,25,55,85,146
7332364,True,0,0,0,148
9028315,True,30,60,90,365
9939025,True,0,0,0,0
8100190,True,30,60,90,364
935671,True,18,48,78,352
936177,True,28,58,88,362
922986,True,25,55,85,359
1200083,True,26,56,86,360
935432,True,19,49,79,353
604600,True,30,60,90,365
1251763,True,30,60,90,341
7517684,True,30,60,90,211
607788,True,30,60,90,365
6278361,True,16,36,44,133
936378,True,30,60,90,364
7350870,True,30,60,90,365
92835,True,23,53,83,351
4009508,True,17,47,77,166
935862,True,23,53,83,357
8187537,True,17,37,54,224
10132385,True,26,48,73,348
9516114,True,0,0,0,21
2749725,True,0,0,0,275
9813231,True,30,60,90,365
8101251,True,8,31,56,330
5201816,True,30,60,90,365
9329068,True,12,28,43,52
8704438,True,4,31,61,324
8052542,True,0,0,0,93
4251426,True,24,46,69,319
6020744,True,27,57,87,362
4251235,True,14,33,51,303
8093529,True,15,30,52,52
654734,True,30,60,90,361
3489083,True,25,55,85,360
8691263,True,13,37,54,86
3971934,True,30,60,90,365
7732071,True,0,0,0,126
1251813,True,30,60,90,365
10247453,True,30,60,87,362
6740521,True,0,0,28,303
2955782,True,18,41,68,322
6691324,True,16,46,76,351
8568567,True,8,38,68,340
1251707,True,30,60,90,365
10125020,True,30,60,83,357
931785,True,27,57,87,361
7763613,True,12,24,34,34
9574602,True,30,60,90,365
9024838,True,27,57,87,148
8427227,True,20,50,79,79
6993019,True,30,60,90,365
6746826,True,30,60,90,361
3592838,True,13,32,62,318
1954452,True,30,60,90,179
1651324,True,10,27,50,206
8016646,True,16,46,76,351
6115704,True,2,32,62,337
9237535,True,30,60,90,362
2191633,True,30,60,90,364
7451624,True,26,50,77,336
8311242,True,14,39,64,75
3977605,True,12,26,51,308
6344566,True,20,47,76,76
2191169,True,30,60,90,324
5213468,True,28,53,83,144
9822759,True,0,0,0,4
945645,True,19,43,69,320
8193241,True,10,26,46,73
6916167,True,30,60,90,365
6941113,True,14,44,74,333
2621746,True,22,52,79,323
449602,True,30,60,90,365
1724849,True,0,21,51,326
3868138,True,20,50,80,138
8193054,True,7,15,24,105
6807981,True,22,52,82,112
1163345,True,22,52,81,355
6436727,True,0,0,0,206
8553556,True,26,56,86,361
7389483,True,17,47,77,348
1901706,True,2,32,62,337
4137114,True,12,12,24,288
5249093,True,25,50,77,326
356608,True,22,41,59,287
5270223,True,0,2,32,307
7824870,True,0,0,0,120
828298,True,16,39,58,167
8446347,True,30,60,90,365
5989894,True,27,54,54,56
7699495,True,26,52,74,74
3270492,True,21,46,74,345
5372156,True,15,15,15,20
2933877,True,0,8,36,275
4943016,True,30,60,90,365
3624990,True,19,49,72,298
7391003,True,5,17,31,295
9922140,True,2,15,27,59
10126199,True,29,59,88,88
6752031,True,0,16,26,290
1815304,True,13,35,51,324
10211716,True,30,60,90,364
3793047,True,0,0,0,2
353039,True,9,35,65,300
5218550,True,20,46,66,287
7809494,True,22,52,82,357
6627403,True,25,48,74,263
8065715,True,24,54,76,351
7431247,True,0,0,0,143
9460,True,20,44,53,57
6993978,True,10,40,42,210
9979329,True,30,60,90,365
9061868,True,8,38,61,139
1246769,True,18,41,61,323
1107845,True,25,55,57,57
1583047,True,0,0,0,257
7735282,True,17,42,71,107
7710713,True,0,17,46,46
7735313,True,16,46,76,315
8869027,True,3,5,19,270
9781881,True,0,28,48,246
6239907,True,16,34,63,63
6315269,True,22,52,72,187
9318524,True,3,33,63,125
6812415,True,0,0,19,19
7118258,True,15,15,15,175
8505421,True,30,60,90,365
6246861,True,20,50,80,355
7828222,True,0,0,0,2
7533901,True,0,0,16,280
3803947,True,27,52,82,266
2943860,True,30,60,81,345
7388225,True,30,57,57,202
2620429,True,26,49,79,229
5036739,True,0,26,56,331
2978929,True,25,55,84,84
7699096,True,29,59,88,88
4439293,True,21,43,51,320
580815,True,6,19,43,312
5315169,True,0,8,26,200
3906076,True,21,51,66,340
4566609,True,0,0,0,26
9304465,True,0,0,0,19
1136984,True,2,17,34,305
6494181,True,22,44,70,303
4494947,True,22,39,69,344
9533648,True,7,26,43,312
284087,True,26,52,79,335
2825852,True,30,60,90,179
8817033,True,18,48,77,77
9097503,True,0,0,16,291
10211609,True,24,54,84,359
1684236,True,28,53,78,348
1159226,True,25,55,80,343
9318440,True,18,48,78,328
7884782,True,16,45,73,226
9236961,True,15,15,15,15
8065531,True,25,55,81,356
8342429,True,7,21,21,87
2149219,True,0,0,15,288
7678814,True,6,6,6,6
9432322,True,3,3,3,29
4410544,True,30,60,90,151
8129676,True,0,0,0,99
4614955,True,11,11,26,301
1043194,True,30,60,90,361
8385687,True,13,35,65,65
8579782,True,0,0,0,232
9908825,True,0,4,34,309
9530877,True,26,56,82,143
8441263,True,0,0,0,0
9530788,True,1,4,34,65
3394936,True,28,28,44,309
6882518,True,3,3,3,177
4031625,True,0,4,34,95
4494948,True,22,52,82,356
4616695,True,9,14,29,35
4106041,True,30,60,90,365
2532879,True,26,56,86,361
4752817,True,20,48,74,159
6808970,True,0,0,0,0
1157083,True,0,0,0,2
6226666,True,0,0,0,0
9151374,True,0,27,57,332
6807884,True,30,60,90,365
1761870,True,0,0,0,94
6949900,True,12,24,38,226
5126446,True,30,60,90,365
8341720,True,30,60,90,358
8355276,True,23,23,42,42
7920539,True,25,52,82,130
7598743,True,30,60,90,365
7916754,True,0,0,0,114
7956227,True,29,59,89,364
4706111,True,30,60,90,365
8016309,True,14,41,70,70
5793477,True,23,53,83,358
2926776,True,30,60,90,365
8443258,True,30,60,90,336
7577073,True,30,60,90,365
6838418,True,21,21,21,21
6852243,True,30,60,90,358
9317101,True,0,26,56,331
6555128,True,27,57,87,362
6228959,True,30,60,90,260
8446689,True,30,60,90,331
8064351,True,21,51,81,356
6662639,True,29,59,89,364
3273240,True,27,54,84,238
5957039,True,0,0,0,275
3449059,True,17,46,76,350
789229,True,30,60,90,363
4008373,True,28,28,31,92
5913611,True,0,0,0,93
8310576,True,21,51,81,169
4811583,True,30,60,90,365
3333971,True,17,40,64,337
4226386,True,28,58,88,309
3497530,True,30,60,90,365
8338155,True,0,0,0,94
1080097,True,30,60,90,364
4593740,True,25,55,85,95
6747473,True,26,56,86,357
3821663,True,29,56,85,360
5021969,True,28,58,88,363
4574039,True,20,50,80,352
4105164,True,12,35,65,340
2865992,True,1,1,1,276
1205666,True,21,46,66,337
5651254,True,30,60,90,365
1594412,True,30,60,90,365
7717653,True,0,3,3,133
4808896,True,29,59,86,295
7533537,True,0,4,34,303
5978216,True,13,43,73,348
6134382,True,6,26,56,330
9813684,True,30,60,90,365
9846066,True,30,57,87,350
10122924,True,30,60,90,365
1259305,True,30,60,90,365
7452021,True,0,26,56,331
193836,True,0,0,1,275
7902229,True,30,33,33,70
3994397,True,18,44,74,349
6744143,True,0,0,0,0
6554352,True,26,53,83,357
9186256,True,30,60,90,365
9219567,True,27,57,84,315
6278680,True,30,60,89,89
5252543,True,25,55,85,360
9296887,True,0,0,0,247
8431178,True,30,60,90,363
353347,True,0,26,56,331
838764,True,27,57,83,351
7349029,True,25,53,82,82
8194782,True,20,50,80,169
8703208,True,14,44,73,73
10339145,True,30,60,90,365
3251016,True,22,39,69,337
7513623,True,26,47,74,332
9521903,True,0,3,33,308
4379551,True,22,52,80,82
803902,True,3,11,12,240
5686178,True,0,0,0,0
8617043,True,30,60,90,179
9545664,True,30,60,90,365
7096547,True,30,60,82,82
8784239,True,30,60,90,365
3168651,True,30,60,90,365
7776701,True,0,12,42,298
5862552,True,28,58,88,361
9696532,True,30,60,90,179
6412566,True,12,42,72,347
6578147,True,30,60,90,365
4022127,True,30,60,90,365
3265292,True,30,60,90,179
3505739,True,30,60,90,365
9174507,True,30,60,90,365
9796540,True,22,52,82,326
3005854,True,30,60,90,365
3898692,True,0,0,0,209
7502246,True,30,60,90,351
6002165,True,0,0,0,79
4887845,True,30,58,85,85
8132007,True,1,17,47,319
10183490,True,30,60,90,365
8170683,True,30,60,90,365
5229971,True,0,0,0,0
4597013,True,30,60,90,365
3818746,True,26,56,81,320
6644854,True,0,0,0,190
117165,True,26,56,78,353
5015262,True,0,28,58,333
3868844,True,26,56,78,353
7455068,True,30,60,90,358
8102349,True,2,32,62,337
6694276,True,30,60,90,365
8373832,True,27,57,87,362
426089,True,30,60,90,358
7561333,True,20,50,80,355
2638086,True,0,4,34,309
10121329,True,29,59,89,364
5324459,True,16,43,60,333
233502,True,0,26,56,331
7651148,True,30,60,90,365
86185,True,30,60,90,365
2522091,True,27,57,87,362
7665392,True,24,54,84,359
1000883,True,25,55,85,360
7563243,True,28,58,88,177
251922,True,0,20,49,49
1225820,True,13,43,73,342
353110,True,0,0,26,301
4384800,True,20,41,68,332
8538630,True,0,0,0,247
5751177,True,30,60,90,365
3124961,True,0,0,0,0
6436772,True,0,0,0,0
7499506,True,30,60,90,365
3403858,True,0,0,0,212
746380,True,30,60,90,365
7229743,True,19,20,20,20
7547611,True,0,17,47,314
2906694,True,30,60,90,365
7454026,True,30,60,90,365
4651974,True,18,48,77,77
6847052,True,30,60,90,365
1538865,True,0,0,0,244
3061918,True,30,60,90,365
7773851,True,0,22,22,145
2536507,True,9,35,65,335
8409773,True,0,0,28,303
7131797,True,25,25,27,116
10331249,True,19,49,79,354
9883943,True,19,49,78,350
6956938,True,30,60,90,118
7869223,True,0,0,0,117
7278583,True,0,0,26,219
6796246,True,3,3,3,5
5991734,True,30,60,85,174
6515046,True,27,57,87,176
8538420,True,23,48,74,349
7800143,True,25,25,25,117
7651602,True,30,60,90,365
461567,True,23,38,68,157
9736940,True,0,1,3,278
210316,True,30,60,90,365
4581124,True,20,50,80,169
6403104,True,30,60,90,365
7071331,True,28,58,87,87
3883137,True,6,6,6,242
9858690,True,30,60,90,365
6657574,True,30,60,62,252
566435,True,30,59,85,360
226495,True,0,0,0,233
9394485,True,30,41,58,150
8116504,True,30,60,90,365
80188,True,30,60,90,365
9696286,True,24,24,24,32
7788695,True,9,31,58,58
1289082,True,30,60,90,365
3656508,True,29,59,88,88
8119192,True,28,58,88,363
5487653,True,0,0,10,99
493591,True,30,60,90,361
9534,True,1,21,49,262
6902752,True,20,50,80,351
7902569,True,15,45,75,350
9531,True,0,0,2,180
5759668,True,29,56,82,357
17951,True,30,60,68,307
4030640,True,18,18,47,322
4395654,True,30,52,52,52
6759046,True,29,59,89,364
10020782,True,0,0,0,0
1252147,True,29,59,88,88
5652705,True,29,59,89,363
9410043,True,0,0,0,9
46022,True,30,60,90,363
4996554,True,30,60,90,365
692080,True,30,60,90,365
153967,True,30,60,90,361
9328278,True,15,41,71,71
8566242,True,29,59,89,364
6567683,True,27,57,87,362
6794702,True,0,24,54,237
7746170,True,30,60,90,365
157939,True,15,19,49,286
7459637,True,0,0,0,142
6079131,True,18,48,78,353
158953,True,30,60,90,363
8342968,True,30,60,90,179
6512979,True,30,60,90,365
7886656,True,20,50,80,355
4378803,True,4,34,56,273
7791010,True,5,19,35,296
6452927,True,16,32,48,48
8066883,True,27,57,86,86
8209686,True,0,0,4,93
8017832,True,21,51,81,356
7988300,True,12,39,69,344
2818292,True,30,60,90,365
4910140,True,2,32,62,337
9110730,True,21,45,74,74
6762958,True,10,25,55,83
8503556,True,13,13,41,316
6448099,True,12,24,42,42
4564730,True,0,0,0,149
50233,True,25,25,25,237
3402376,True,0,0,0,212
8782852,True,0,0,0,35
9098494,True,4,4,4,6
6977095,True,6,36,58,276
6748502,True,30,60,90,365
6823837,True,16,46,67,327
9298045,True,16,44,74,228
7988436,True,18,48,78,353
9615941,True,21,50,80,355
8631419,True,27,57,84,166
8919070,True,28,58,88,363
7836953,True,0,0,0,114
3281072,True,2,32,55,302
10252110,True,0,6,6,19
5958674,True,16,32,49,49
8307502,True,29,54,75,344
5958194,True,16,33,50,50
4121334,True,0,4,34,120
598023,True,30,60,90,364
6958603,True,20,47,47,105
7390195,True,15,18,48,323
4271174,True,30,60,90,365
3237501,True,30,60,90,365
6438013,True,28,55,85,351
10309898,True,30,60,90,365
2134911,True,30,60,90,365
5002964,True,30,60,90,365
6780615,True,1,31,61,336
2586642,True,30,60,90,365
9490093,True,30,60,89,89
1815472,True,9,29,56,320
8566475,True,10,40,70,345
10205366,True,0,0,0,126
2919571,True,30,60,90,365
1484651,True,30,56,85,360
6327506,True,2,23,53,139
3544964,True,30,60,90,365
7763298,True,24,54,84,357
5873892,True,27,57,87,176
41401,True,2,32,62,337
6646985,True,11,34,64,335
3582883,True,27,57,87,358
6939472,True,18,40,65,340
4518037,True,24,24,24,288
3951768,True,1,31,61,61
7007598,True,4,4,4,8
7800238,True,8,34,62,320
4581256,True,22,52,82,171
4163851,True,23,53,83,358
479653,True,9,9,9,226
6647442,True,25,52,82,357
7247518,True,30,60,90,365
6831239,True,26,56,86,173
108765,True,30,60,90,350
8174943,True,30,60,90,365
6360895,True,17,42,68,68
6363765,True,2,32,62,151
6183330,True,18,48,78,353
2612025,True,27,55,85,360
7630155,True,29,59,89,362
8118346,True,30,60,90,365
6105021,True,14,44,74,349
10299108,True,27,36,65,65
6626493,True,0,0,0,0
573942,True,0,3,33,308
9314106,True,1,5,5,38
9814376,True,30,60,90,365
9564093,True,21,46,76,165
1652107,True,20,46,76,165
609252,True,30,60,90,365
942490,True,30,60,90,365
8653722,True,0,0,20,265
7562591,True,0,0,0,135
9636238,True,1,2,4,4
823989,True,22,52,82,344
7596934,True,30,60,90,365
6832592,True,30,60,90,179
3922853,True,0,0,0,242
9475641,True,20,50,79,79
8718936,True,25,55,85,360
9075558,True,11,26,55,55
671828,True,3,33,63,338
6660186,True,30,60,90,365
716829,True,30,60,90,365
3916050,True,30,60,90,365
2187906,True,23,53,82,82
9091301,True,0,0,2,216
9048584,True,30,60,90,365
7382368,True,0,0,0,0
5278993,True,0,1,31,306
8717758,True,23,53,83,358
10299195,True,14,14,14,14
7064681,True,0,0,0,163
1935439,True,0,0,0,270
5931372,True,0,0,0,194
1984692,True,0,0,2,277
4360604,True,0,0,0,242
9712348,True,0,0,5,197
7151107,True,0,6,6,103
7935437,True,30,60,90,365
6364753,True,0,0,0,211
7952032,True,0,0,0,0
6166307,True,22,52,81,81
3282760,True,30,60,90,365
6411259,True,9,33,62,62
670262,True,9,39,69,344
8411663,True,29,59,89,178
6926511,True,0,0,0,11
9908591,True,23,39,55,104
5640722,True,30,60,90,358
6701018,True,8,38,68,296
3653575,True,30,60,90,365
7647221,True,0,0,7,273
3637180,True,27,57,87,362
6215199,True,0,0,0,2
714043,True,0,6,36,125
3890990,True,26,56,86,175
4038347,True,30,60,90,365
523883,True,26,56,86,361
4111954,True,13,13,13,15
4693488,True,30,60,90,179
5127136,True,20,39,59,148
7674720,True,0,3,33,308
8028801,True,30,60,90,365
9050781,True,13,43,73,162
178844,True,30,60,90,365
8034871,True,29,45,75,350
3208330,True,0,26,56,331
9492036,True,0,0,0,22
4863533,True,19,49,79,354
4360485,True,0,0,0,242
8194286,True,0,0,0,97
5524847,True,26,56,85,85
9236814,True,0,0,0,47
8483744,True,14,44,74,340
609421,True,30,60,90,365
3543247,True,18,41,62,325
4567243,True,2,2,2,123
749758,True,0,0,0,209
4854767,True,29,59,89,364
8129537,True,0,0,0,100
5014835,True,0,28,58,333
421168,True,20,47,77,336
58503,True,26,56,86,361
7881802,True,27,57,84,157
9562586,True,0,0,0,0
10340165,True,23,53,83,358
370361,True,26,46,76,351
3753645,True,29,56,56,211
3535171,True,30,60,90,365
2037250,True,30,60,90,365
2605975,True,10,40,70,345
4825472,True,24,53,83,357
5500398,True,0,3,33,308
587584,True,29,55,85,174
1220816,True,0,0,0,275
354453,True,30,60,90,365
9576550,True,0,0,0,18
3793790,True,18,48,74,348
9013210,True,24,54,84,359
9863457,True,30,60,90,365
23356,True,20,41,64,327
6425537,True,30,60,90,364
7921453,True,30,60,90,365
8634897,True,23,50,80,289
3604931,True,18,39,63,298
6937492,True,30,60,90,361
1048798,True,25,51,81,356
613020,True,0,0,0,29
9109293,True,30,60,90,179
6215943,True,30,60,90,352
4069543,True,21,46,66,338
3986788,True,17,47,76,76
3968416,True,1,22,51,51
1806899,True,9,16,31,306
6168769,True,0,19,49,324
8187592,True,30,60,90,365
1925661,True,14,18,48,323
4760968,True,3,30,60,335
3953365,True,30,60,89,89
4909327,True,30,60,90,365
7828509,True,30,60,90,365
4903296,True,30,60,90,179
1323634,True,30,60,90,365
571640,True,30,60,90,365
613151,True,30,60,90,365
278192,True,30,60,90,365
571651,True,30,60,90,365
7883181,True,30,60,62,178
7718139,True,30,60,90,365
6572501,True,30,60,90,365
4668327,True,0,0,0,121
7636185,True,16,42,70,330
6421243,True,30,60,90,365
5580773,True,0,0,27,27
8737284,True,8,31,31,220
958475,True,19,48,64,91
8605841,True,7,7,9,284
7500728,True,30,60,90,365
606297,True,30,60,88,363
9094366,True,0,0,0,45
7096107,True,0,0,0,161
9496612,True,0,0,0,22
8785768,True,0,26,56,331
143580,True,21,51,81,356
611500,True,30,60,90,365
264829,True,30,60,90,365
1856851,True,22,52,82,189
1317919,True,30,60,90,365
392140,True,30,60,90,365
3139972,True,18,48,78,353
10020221,True,18,30,60,335
8759443,True,9,9,9,9
6317449,True,20,50,79,79
6416765,True,17,47,77,352
5056580,True,30,60,88,353
6793490,True,26,56,86,361
2069917,True,26,56,86,357
3258585,True,0,0,0,155
815017,True,21,51,81,355
6610942,True,26,56,86,275
5365612,True,0,0,21,296
1556170,True,30,60,90,347
2486612,True,28,57,75,259
7748778,True,30,60,90,365
6872650,True,0,0,0,246
7634011,True,30,60,90,365
1898511,True,21,51,80,80
8067053,True,30,60,90,365
1872885,True,1,1,1,233
6561379,True,0,4,6,78
265901,True,30,60,90,365
392779,True,26,56,86,175
202174,True,0,0,0,275
7853358,True,26,47,77,96
2197168,True,9,9,9,264
4075152,True,0,0,0,6
5593399,True,0,10,10,257
366301,True,27,57,86,86
6644628,True,30,60,90,365
3593582,True,0,0,0,0
6716620,True,0,0,0,185
6796066,True,0,0,0,181
3977450,True,23,53,82,82
793629,True,14,44,74,163
9110410,True,0,0,2,277
5705161,True,8,23,41,41
8596938,True,0,0,0,72
5364119,True,0,0,28,303
6211882,True,25,25,41,195
4374326,True,21,51,78,352
7887651,True,0,0,21,175
9013441,True,0,0,23,209
7362757,True,20,45,63,152
9609152,True,29,59,89,364
4639040,True,29,59,89,364
2586350,True,27,57,87,362
6482409,True,30,60,90,365
8089214,True,30,60,90,365
8409975,True,0,5,34,34
8409926,True,12,42,71,71
6107518,True,17,47,77,166
9797000,True,30,60,89,89
5242148,True,25,48,78,351
3372535,True,0,0,15,290
995443,True,0,0,3,278
3279728,True,0,26,56,331
8446766,True,29,59,89,364
9733841,True,28,30,51,324
5852034,True,7,37,65,217
1851837,True,0,0,0,156
7324041,True,24,54,84,171
4105081,True,30,60,90,365
8474605,True,30,60,90,365
5682,True,12,33,46,309
2737012,True,0,0,0,91
8743202,True,26,56,85,85
1003890,True,20,50,80,355
8446120,True,30,60,90,365
8153673,True,24,54,84,359
7936712,True,21,47,73,344
2642359,True,26,56,86,359
6528342,True,0,0,0,131
9820818,True,14,44,73,73
8754180,True,27,57,74,76
8904766,True,0,0,0,56
3186785,True,0,26,56,145
1885801,True,30,60,90,364
8006745,True,1,1,1,3
7013085,True,7,37,67,342
6546748,True,13,43,73,345
4526737,True,4,34,62,186
3335,True,0,4,34,309
4735761,True,30,60,90,365
1672979,True,30,60,90,365
7388899,True,0,26,56,331
8052307,True,30,60,90,365
9068366,True,0,0,0,46
6117473,True,30,60,90,365
8541389,True,30,60,90,365
7745016,True,0,0,0,125
6557297,True,0,26,56,145
1263470,True,0,0,0,187
7415378,True,16,46,76,165
8849596,True,0,0,0,58
7902382,True,22,52,81,111
4772997,True,30,60,90,365
4708075,True,30,60,90,365
3859882,True,0,0,0,102
4711069,True,15,37,52,306
7713043,True,30,60,90,365
174636,True,29,59,89,364
8195348,True,30,60,90,365
7902068,True,29,59,88,88
4832481,True,23,53,83,358
7902268,True,23,53,82,82
4559222,True,30,60,90,365
7902330,True,24,54,83,83
6249164,True,16,46,76,351
5192122,True,15,37,52,306
8901863,True,30,60,90,365
2027236,True,29,59,89,363
3673011,True,29,59,89,178
6577295,True,17,41,71,339
4384000,True,30,60,90,365
3147706,True,27,57,87,362
1900698,True,0,10,40,313
4157572,True,30,60,90,365
8886847,True,30,60,90,365
3642289,True,0,26,56,328
3022564,True,14,35,63,330
2203983,True,0,0,0,3
215882,True,21,51,81,353
491958,True,8,29,46,282
190984,True,19,49,79,354
1599856,True,19,43,73,348
1223644,True,26,56,85,85
3246706,True,16,29,44,256
1305009,True,18,33,46,317
8952253,True,4,9,9,59
4041868,True,27,57,87,362
8845310,True,0,0,28,303
7750477,True,14,34,49,293
7938941,True,30,60,89,364
2721575,True,21,42,72,340
1738425,True,24,54,84,359
2471659,True,30,60,87,350
6078382,True,30,60,90,365
7585688,True,0,2,4,279
3120652,True,30,60,89,89
4922836,True,30,60,90,365
1433440,True,0,5,35,223
2980762,True,30,60,89,89
1733747,True,24,54,84,359
1455269,True,0,18,48,78
1457330,True,0,0,0,118
7420488,True,16,45,75,265
8902887,True,12,42,72,268
5175464,True,25,50,80,354
7411863,True,4,19,41,312
2856806,True,28,58,88,209
693956,True,0,0,0,16
5682316,True,28,58,87,87
8597800,True,9,21,21,21
4707171,True,22,52,82,312
9138392,True,3,3,3,45
7417852,True,30,60,90,362
9597947,True,30,60,90,365
7262142,True,22,52,82,354
7615170,True,30,60,90,179
609610,True,17,17,45,320
8326413,True,0,0,28,301
4833820,True,0,26,56,331
7480196,True,9,26,46,111
8774504,True,13,43,69,344
8627921,True,21,48,78,353
788146,True,30,60,90,365
9217446,True,5,30,59,59
2016613,True,23,53,83,340
2695493,True,0,0,1,248
9063355,True,30,60,89,89
7922663,True,30,60,89,89
9415562,True,30,60,90,365
9075656,True,20,50,80,355
9710851,True,0,0,28,303
1983713,True,25,55,85,360
7363727,True,17,47,77,352
10022421,True,30,60,89,89
6274351,True,29,59,89,364
777159,True,0,0,0,0
3922845,True,0,0,0,247
674113,True,0,0,0,275
8053128,True,30,60,90,195
7534300,True,30,60,90,365
1009838,True,20,50,80,355
9823290,True,29,59,89,364
5194332,True,0,0,0,142
841274,True,28,28,28,275
8904748,True,23,48,78,180
8734809,True,2,28,58,128
7562331,True,19,40,63,329
4461706,True,0,3,31,306
3890786,True,0,3,33,308
8474253,True,11,11,11,11
5559063,True,0,0,4,279
4126284,True,15,45,75,350
1209447,True,0,0,0,0
4364285,True,17,47,77,166
6716874,True,0,0,2,273
4659824,True,29,59,89,364
3677729,True,3,33,63,335
1097520,True,27,57,87,362
2898954,True,30,60,89,89
826436,True,29,59,88,88
774659,True,27,27,27,240
3849918,True,28,28,28,150
7382303,True,21,51,81,356
5376433,True,7,37,67,342
1750681,True,19,37,37,231
7229312,True,0,0,0,45
2520890,True,29,59,89,178
8391954,True,0,6,7,16
797358,True,0,14,31,31
7922013,True,27,57,86,86
7956337,True,24,54,83,83
2686659,True,14,44,74,349
755613,True,29,59,88,88
1758935,True,24,54,84,348
8474294,True,8,8,8,8
3904056,True,30,60,90,365
7914021,True,30,60,90,365
9364302,True,0,0,0,0
8196883,True,17,17,17,108
7938153,True,30,60,90,365
2763078,True,30,60,90,365
3258213,True,0,3,32,32
7809455,True,29,58,88,242
8409949,True,22,52,81,81
2150760,True,30,60,90,365
5424448,True,10,40,70,345
1606171,True,21,51,81,354
136480,True,9,9,37,312
4863369,True,28,53,55,330
7547290,True,17,43,73,162
5918259,True,20,25,53,100
5804875,True,30,60,90,365
8409941,True,16,44,73,73
8409969,True,17,47,76,76
9170870,True,30,60,89,89
6168975,True,28,58,88,358
7263506,True,16,46,76,336
7037522,True,30,60,90,365
1416763,True,30,60,90,365
3726391,True,30,60,90,365
10188794,True,30,34,34,34
3488436,True,28,58,88,363
1277033,True,30,60,90,365
5241195,True,3,33,63,338
2736961,True,13,17,47,322
4716486,True,6,36,66,341
7386675,True,0,0,0,146
5240694,True,30,60,90,365
8566501,True,30,60,90,365
7402861,True,2,32,62,125
741699,True,7,29,54,160
6108006,True,4,34,64,153
8409962,True,10,40,69,69
5834820,True,30,60,90,365
6741135,True,0,0,0,184
6555393,True,25,55,85,174
67270,True,28,58,88,363
7005538,True,0,0,0,41
1827586,True,30,60,90,365
7900497,True,3,33,63,338
8157486,True,30,60,90,365
4809486,True,12,12,12,12
9849122,True,22,36,37,312
9351911,True,30,60,90,365
3993960,True,0,0,0,0
8989807,True,5,18,18,27
5299060,True,12,42,72,346
3115801,True,23,53,83,262
9153365,True,30,60,90,179
10015967,True,0,0,0,0
284480,True,0,0,0,273
4916433,True,30,60,90,365
1732441,True,30,60,90,365
2652941,True,30,60,90,360
2809796,True,27,54,84,355
9477539,True,7,37,67,337
4479426,True,30,60,90,365
8276416,True,14,38,55,84
486344,True,24,54,84,359
1980395,True,23,50,80,342
7239217,True,0,27,57,332
1328159,True,30,49,79,354
5838129,True,0,0,5,5
9664395,True,4,12,16,16
4681687,True,15,45,75,350
4264012,True,29,59,89,364
445199,True,0,0,0,0
7514366,True,0,30,60,335
5236979,True,20,50,75,159
8555304,True,18,48,78,353
8847951,True,0,0,27,116
3124383,True,0,28,58,329
5863446,True,0,7,37,312
9155422,True,30,60,90,365
5047188,True,30,60,90,365
5825701,True,16,46,76,342
5499882,True,0,0,6,273
7529124,True,9,30,59,59
7995944,True,17,47,77,352
5538874,True,0,0,1,276
4941356,True,29,59,88,88
7679928,True,1,27,57,146
10385,True,30,60,90,365
4507137,True,0,0,0,0
7653539,True,30,60,90,365
5863558,True,0,7,37,312
8472954,True,30,60,90,365
7952930,True,30,60,90,359
8556665,True,0,0,1,276
5500752,True,29,59,89,178
9048029,True,30,60,90,365
4423130,True,23,53,83,358
8473056,True,0,3,33,308
2071305,True,0,0,0,212
817115,True,16,46,70,341
6895132,True,21,51,81,356
8255196,True,30,60,90,365
5051529,True,20,35,62,305
5337848,True,26,56,86,170
20868,True,30,53,83,358
8385444,True,15,30,60,335
637326,True,30,60,90,365
6557767,True,28,58,88,362
4869458,True,0,7,37,312
5319948,True,6,32,62,337
7638282,True,27,33,62,337
11411,True,30,60,90,365
723846,True,6,27,48,323
10104370,True,2,2,2,5
5041669,True,0,0,0,3
2197982,True,10,40,51,310
10695,True,30,60,90,365
6005222,True,30,60,90,365
3317940,True,0,3,33,305
8099917,True,0,12,19,294
8617171,True,15,40,65,65
4181226,True,30,60,90,365
7074024,True,19,49,78,78
2729077,True,2,25,54,302
7483750,True,16,40,70,345
9030929,True,10,17,38,38
1764233,True,0,28,58,333
6218849,True,2,32,61,61
4030600,True,0,0,0,0
4637801,True,30,60,90,365
2056276,True,30,60,90,365
6214998,True,10,21,32,102
9168049,True,16,46,76,351
10211928,True,30,60,90,365
387464,True,27,57,87,362
53867,True,20,20,20,20
3146212,True,0,3,33,90
107046,True,0,0,0,0
4629020,True,15,45,75,289
4324317,True,30,60,90,365
6629278,True,28,58,88,363
8958290,True,17,29,59,148
6676926,True,3,3,11,96
7934356,True,0,0,0,113
4701141,True,0,0,0,0
7274556,True,6,26,47,322
9186681,True,22,44,65,65
6907671,True,10,40,70,345
1534622,True,30,60,90,365
6627129,True,0,0,0,192
1750010,True,0,0,0,203
5805162,True,0,14,44,133
1136522,True,30,60,90,365
4892529,True,0,0,0,203
2420536,True,18,39,69,344
6612940,True,0,0,29,253
5471427,True,0,0,21,110
8714974,True,30,60,90,365
8101791,True,29,56,86,361
6599960,True,6,32,62,337
8002965,True,5,35,64,64
8715320,True,30,60,90,184
9632775,True,2,32,62,337
5413564,True,10,10,10,285
5340242,True,0,0,24,299
3676779,True,14,32,50,291
9157232,True,30,60,90,365
4208555,True,0,0,0,0
7026898,True,30,60,81,149
3766055,True,30,60,90,365
8091417,True,0,0,0,103
8253758,True,0,0,0,0
3126153,True,30,60,90,365
3434459,True,13,33,54,321
7245586,True,17,47,77,352
5959816,True,0,0,0,271
3852117,True,2,7,37,312
7350992,True,21,29,59,334
3812725,True,0,0,0,0
4288801,True,28,32,62,337
5473498,True,5,35,65,154
5057466,True,29,59,88,363
1541705,True,30,60,90,365
7110923,True,2,32,56,88
9067268,True,14,32,61,61
7500000,True,11,20,30,267
2556794,True,30,57,57,119
6348159,True,30,60,89,89
5941598,True,30,60,89,89
3206305,True,0,0,0,247
3531616,True,9,27,57,332
3404700,True,22,52,82,357
533443,True,30,60,89,89
6214517,True,30,60,80,170
8036620,True,9,20,36,76
8152764,True,5,12,23,135
6837751,True,30,60,90,365
2459519,True,25,46,76,345
4940379,True,8,8,32,274
2413338,True,27,27,55,250
2332949,True,30,60,90,347
6543683,True,30,60,90,365
4340410,True,0,3,31,302
7003848,True,30,60,90,365
3479851,True,23,53,83,358
5104918,True,25,55,85,175
1386306,True,28,56,83,357
486829,True,0,0,0,185
3604904,True,30,60,90,365
1450262,True,28,58,88,319
9995551,True,25,55,85,360
8849095,True,3,10,10,45
7742525,True,0,0,0,186
4550199,True,0,0,2,198
2822984,True,0,0,0,275
202260,True,1,7,7,125
8597687,True,9,39,69,344
2309250,True,18,48,78,343
7420339,True,0,0,0,0
1742425,True,21,51,80,80
4559985,True,27,57,87,361
6304139,True,26,56,86,361
2610187,True,30,60,90,365
8508341,True,22,50,80,355
7327623,True,26,51,81,356
2412633,True,0,0,0,92
4205026,True,24,54,84,359
7858454,True,0,2,32,121
9299824,True,14,44,74,324
656909,True,0,0,0,1
6728419,True,30,60,90,365
8766231,True,30,57,57,120
9110560,True,28,58,87,87
4599119,True,24,54,84,359
10043487,True,30,60,90,365
3646393,True,26,56,86,356
6537432,True,4,12,21,223
1950446,True,22,52,82,167
9519968,True,20,45,75,313
8507062,True,5,20,49,127
4454121,True,0,0,0,0
8505940,True,22,43,73,151
1012003,True,26,56,86,318
7024684,True,0,0,23,132
6938542,True,25,55,61,310
2350464,True,0,0,0,0
10281965,True,23,51,81,356
63308,True,10,30,32,274
3352685,True,0,0,0,61
9368950,True,30,60,90,365
6386210,True,3,3,3,201
2385623,True,30,60,89,89
5006092,True,20,20,40,129
7070169,True,11,39,69,334
7988792,True,0,0,0,109
6335327,True,30,60,90,365
3858725,True,30,60,90,179
385438,True,0,0,0,58
3615614,True,17,47,77,352
8339580,True,30,60,90,365
9480029,True,30,60,90,365
139463,True,0,3,25,298
7957689,True,0,0,0,111
6646894,True,0,26,56,331
8907548,True,30,60,90,365
3551668,True,13,40,70,345
2357110,True,30,60,90,365
7784802,True,5,5,5,5
10210625,True,1,1,1,1
9137469,True,25,55,85,356
6032726,True,30,58,88,340
7802266,True,0,0,0,121
10250735,True,4,4,4,4
7496485,True,0,0,0,140
7638263,True,16,46,76,351
7421950,True,0,26,56,331
8356608,True,30,60,90,365
1354750,True,1,19,48,48
2687172,True,20,50,80,355
3498114,True,20,50,75,349
9580021,True,12,42,71,328
9994758,True,29,59,82,82
10035274,True,0,0,0,0
8369321,True,0,0,0,0
7500191,True,29,59,89,364
6870575,True,17,47,73,344
8594717,True,5,5,5,264
134091,True,22,49,78,78
8473625,True,30,60,90,365
258571,True,19,19,19,102
9473967,True,16,43,73,348
890677,True,0,0,0,63
4211081,True,6,32,60,300
7843995,True,15,33,63,277
9494623,True,0,0,2,277
882274,True,22,52,82,200
3594885,True,30,60,90,363
1768883,True,0,0,0,2
948077,True,12,29,59,329
4841586,True,23,53,83,356
5640214,True,9,39,59,59
9011350,True,0,19,39,314
5695717,True,30,60,89,89
4718921,True,1,1,3,278
557126,True,23,53,79,168
8053554,True,0,0,0,105
2488228,True,14,27,43,43
6865200,True,30,60,90,365
8779676,True,20,50,80,355
9929059,True,24,54,83,105
8919372,True,12,12,12,167
8257837,True,1,1,4,279
4607830,True,16,43,71,72
1545801,True,30,60,90,365
4129218,True,30,60,90,365
6390214,True,9,9,9,9
9757138,True,8,21,21,27
7872980,True,24,54,84,359
458191,True,0,0,0,2
7725597,True,30,60,90,365
4660517,True,10,40,70,345
3426639,True,4,27,57,331
6118359,True,0,18,47,47
7665114,True,0,17,17,146
281789,True,27,27,27,28
3930270,True,20,50,80,355
9016362,True,27,57,87,362
7987846,True,30,60,90,365
3803212,True,30,60,90,365
3424991,True,8,38,68,343
752483,True,30,60,90,365
1897000,True,28,58,88,363
6349598,True,2,2,2,95
4809601,True,30,60,90,365
9137398,True,24,54,84,355
9137075,True,25,55,85,356
1100714,True,17,47,76,76
5977556,True,27,57,87,362
1090449,True,25,55,85,354
4199019,True,23,53,83,358
1520593,True,30,60,90,365
1928010,True,25,51,76,340
7177194,True,10,33,59,334
7635966,True,0,0,0,132
6325283,True,0,0,0,212
6644796,True,24,49,72,161
8053921,True,14,14,14,279
841049,True,25,55,85,360
7128310,True,30,58,88,363
7718203,True,0,0,0,121
9774404,True,0,0,0,7
7789438,True,21,51,74,349
7775663,True,14,42,72,347
8014547,True,0,0,0,100
1716901,True,0,0,2,95
6477225,True,0,0,0,0
2217257,True,8,28,48,48
7580593,True,0,0,0,2
1828232,True,0,0,0,208
4725935,True,19,49,79,354
9061439,True,0,0,0,61
6545602,True,30,60,90,365
2688555,True,26,52,82,346
7984550,True,30,60,90,365
6561753,True,30,60,90,365
6561811,True,30,60,90,365
6545246,True,30,60,90,365
1520501,True,30,60,90,365
5618094,True,0,0,0,275
279063,True,29,59,89,364
5030361,True,16,33,33,126
6779893,True,30,60,90,365
796594,True,30,60,90,365
1030615,True,12,12,12,14
6328923,True,30,59,89,364
7050492,True,18,37,61,61
2418658,True,20,50,80,355
387078,True,30,60,90,365
10012724,True,13,18,47,47
6768768,True,0,0,0,182
338043,True,21,51,81,356
4701205,True,22,52,82,357
338091,True,30,60,90,365
7235573,True,30,60,90,365
7579854,True,0,0,0,148
1525972,True,24,54,84,359
3626497,True,0,0,0,2
8102064,True,0,0,0,103
447488,True,30,60,89,89
835149,True,27,57,87,362
3759039,True,0,0,0,0
6131411,True,6,6,6,190
4679983,True,8,24,50,316
7821003,True,0,1,1,5
9939359,True,0,0,0,0
9494946,True,2,32,62,337
745099,True,2,32,62,337
8054518,True,25,52,82,357
1141226,True,12,19,45,302
9866909,True,25,55,85,360
1790020,True,30,60,90,365
4277026,True,30,60,89,89
4082250,True,0,26,49,324
5637990,True,24,54,83,83
2909809,True,30,60,90,365
1356339,True,8,38,68,343
3884805,True,25,55,85,355
5395530,True,15,45,75,350
10295151,True,26,56,82,357
6481695,True,30,59,89,364
5660792,True,21,44,74,346
7435912,True,30,60,90,365
4768038,True,23,53,82,82
1416279,True,0,4,33,64
9970609,True,30,60,90,365
6835466,True,0,0,0,177
3418230,True,30,60,90,365
9843421,True,0,0,0,2
3543791,True,0,0,11,259
3552006,True,0,26,56,331
7149703,True,25,44,44,138
4526943,True,30,60,90,365
7557951,True,0,4,4,140
4808173,True,27,57,87,362
4404126,True,14,25,25,25
7902137,True,6,21,37,300
8453633,True,8,26,56,331
2004931,True,27,57,87,268
7179783,True,30,60,90,179
7241235,True,0,16,45,45
6249458,True,29,59,89,363
1537246,True,0,0,0,266
841140,True,27,57,87,176
1961950,True,5,5,5,6
8735996,True,0,0,0,65
1220471,True,9,9,9,11
7369,True,3,24,53,53
9137899,True,2,6,6,48
4831200,True,0,0,0,275
1562643,True,19,42,67,305
7871807,True,0,0,0,117
8116395,True,8,16,46,321
872152,True,0,2,5,280
719233,True,20,20,20,40
6216116,True,3,3,3,226
9386509,True,16,37,67,342
1686958,True,0,0,0,184
8106277,True,30,60,90,365
5422881,True,0,29,32,126
6812054,True,30,60,90,365
5067177,True,23,53,83,357
6689259,True,17,47,70,305
4231670,True,25,55,85,360
6951415,True,0,9,9,57
7666155,True,0,0,0,129
8934054,True,22,52,82,357
7601766,True,30,60,90,365
6954984,True,10,22,30,128
8339428,True,0,0,0,0
5160893,True,21,51,81,356
7616507,True,22,52,54,187
23192,True,26,56,79,340
9494415,True,6,6,23,270
8241019,True,0,0,0,0
4652918,True,0,0,0,247
7618526,True,17,17,17,150
5930806,True,27,57,81,356
9407989,True,0,0,0,28
6823597,True,30,60,90,365
5537446,True,8,8,12,283
9436832,True,21,47,74,74
9133711,True,21,51,81,351
10157690,True,20,47,76,76
1122236,True,29,59,89,364
4906490,True,0,0,0,2
7773668,True,23,50,66,341
458197,True,0,0,0,2
458193,True,0,0,0,2
458186,True,0,0,0,2
458183,True,0,0,0,2
941467,True,10,10,10,29
1039766,True,22,47,77,352
5078876,True,18,28,28,28
5242712,True,30,60,90,251
1539476,True,30,60,90,365
8626068,True,0,0,0,71
8150395,True,17,26,55,55
4824435,True,14,14,14,14
4250639,True,20,46,72,96
3652612,True,30,60,90,365
3570691,True,21,51,81,344
5495802,True,20,50,80,355
8106263,True,3,31,61,336
1204142,True,5,25,55,288
6769696,True,21,43,63,338
6118291,True,14,44,73,73
5593981,True,0,0,9,65
9970805,True,30,60,90,365
8673979,True,30,60,90,365
3404914,True,0,0,0,212
4782745,True,0,26,56,331
4848255,True,9,21,51,263
2194715,True,0,5,35,310
13068,True,26,56,86,344
9137335,True,25,55,85,356
6659301,True,30,60,89,89
5479566,True,25,55,85,360
8273031,True,30,60,90,365
7363701,True,4,34,64,339
7984738,True,30,60,90,365
3930681,True,0,0,0,0
7518794,True,0,0,0,138
8755762,True,9,28,58,330
7535055,True,0,0,0,126
4241862,True,0,0,0,2
9509279,True,27,57,87,362
6822322,True,0,0,0,0
2628010,True,0,0,0,30
4077920,True,0,0,0,51
10157880,True,11,37,66,66
4766173,True,0,0,28,28
5946151,True,30,60,90,365
2970666,True,15,38,68,343
7308331,True,28,58,87,87
3946631,True,0,0,8,24
7329915,True,29,59,89,364
6436976,True,27,57,87,362
9328692,True,13,17,43,133
9117301,True,18,18,18,61
2898401,True,0,0,0,121
8193516,True,27,57,86,86
3766285,True,0,0,0,0
1520581,True,15,45,75,350
1349175,True,19,33,63,338
5633607,True,10,36,66,341
9836113,True,15,33,52,321
5510720,True,0,0,6,29
6837819,True,30,60,89,89
8050232,True,0,0,0,106
9386179,True,1,30,60,335
4184211,True,27,57,87,362
3732949,True,30,60,90,179
1348777,True,30,60,90,365
317248,True,11,33,62,62
6182715,True,25,51,69,344
8943380,True,28,58,88,363
6076158,True,13,13,13,84
384797,True,18,48,74,320
7901318,True,0,0,0,115
7614244,True,27,54,54,181
458189,True,0,0,0,2
5386937,True,19,48,78,350
8684315,True,8,33,63,338
3412630,True,0,0,25,300
7054225,True,29,59,89,364
1775016,True,24,54,79,343
9835920,True,23,53,83,358
4223597,True,24,47,73,348
1976382,True,30,60,90,365
3396140,True,26,56,86,356
1782140,True,8,23,32,300
430453,True,30,60,90,365
1633986,True,22,52,82,108
9507115,True,17,47,77,352
8926060,True,15,45,75,350
1520449,True,23,53,83,358
7697170,True,26,49,79,337
1511620,True,30,60,90,365
9411935,True,25,36,36,311
1355094,True,0,28,58,333
6305798,True,0,0,0,216
4009295,True,30,60,90,179
10334184,True,26,56,86,361
1159111,True,27,57,80,327
9368573,True,27,57,87,362
3773417,True,30,60,89,89
9327585,True,17,31,59,334
6492056,True,0,0,0,202
7073650,True,30,60,90,365
9727857,True,6,27,56,56
446276,True,29,51,81,353
208670,True,30,60,90,216
8868833,True,19,49,79,168
7180032,True,10,40,69,69
9137259,True,22,52,82,353
9252998,True,2,2,2,38
7975026,True,0,0,0,110
6278216,True,4,4,4,222
6425652,True,30,60,90,365
7228435,True,0,0,0,216
9149612,True,0,0,0,2
8251213,True,3,10,10,10
5548982,True,26,53,53,57
9546633,True,3,33,63,338
3272374,True,30,60,90,365
7335567,True,19,44,70,345
9563458,True,0,0,0,247
7875887,True,24,54,84,359
3394837,True,30,54,57,321
4464795,True,30,60,90,365
6927016,True,20,47,72,72
699596,True,10,20,42,131
6387576,True,30,59,89,357
8828781,True,21,48,48,83
1198884,True,0,0,0,260
9546508,True,0,5,35,310
2386589,True,1,1,1,122
9924107,True,30,60,90,361
3386862,True,0,0,0,0
9280767,True,25,55,85,356
1520533,True,23,53,83,358
9651755,True,12,33,54,329
82763,True,30,60,90,365
9880665,True,29,59,89,364
1762354,True,0,0,0,0
2836237,True,0,0,0,212
5204475,True,0,8,38,313
8741711,True,1,1,1,6
3819831,True,0,0,0,1
8267620,True,29,59,89,364
7087957,True,30,60,89,89
1520549,True,0,28,58,333
9094872,True,30,60,90,365
9414303,True,0,3,3,30
26116,True,30,60,90,365
7874053,True,0,0,0,2
6452801,True,30,59,89,364
8340841,True,22,52,81,81
9635943,True,30,60,90,365
8046691,True,0,0,0,106
9078843,True,30,60,90,365
8799909,True,0,0,0,61
387079,True,30,60,90,365
8292326,True,30,60,90,365
10339144,True,0,0,0,0
5563136,True,0,0,0,2
6079216,True,0,0,0,233
8955477,True,0,4,33,33
6424859,True,9,26,29,31
7651702,True,30,60,90,365
6210952,True,0,0,0,0
9281758,True,30,60,90,365
2875975,True,0,0,0,177
7275027,True,0,0,0,121
4318709,True,0,0,0,275
6939106,True,9,39,69,69
2727938,True,12,24,42,79
7695195,True,2,2,2,130
6445741,True,30,60,89,89
7381005,True,0,0,0,261
8724134,True,30,60,90,365
4023177,True,30,60,90,365
1589681,True,22,52,82,357
8524349,True,3,33,63,259
9429399,True,27,57,87,358
7089415,True,0,0,0,132
8033438,True,26,56,86,361
6836330,True,0,5,5,182
975179,True,26,56,86,361
1956094,True,15,29,29,234
9619737,True,2,32,62,337
9463729,True,29,59,89,364
8866331,True,2,32,62,337
5457260,True,11,40,70,345
8594406,True,2,32,62,337
8484705,True,30,60,90,356
7714585,True,28,58,88,363
218741,True,30,56,84,173
8551871,True,13,36,56,325
8567933,True,23,53,83,358
7934963,True,25,55,85,174
6481764,True,0,0,0,215
8426827,True,29,59,89,364
7771531,True,2,32,62,337
37234,True,23,29,59,311
2060441,True,0,0,0,203
2158992,True,29,59,89,364
8608414,True,0,0,0,72
5619397,True,30,60,90,365
4144767,True,18,28,33,288
1301535,True,30,56,84,173
3882930,True,0,17,47,313
9186481,True,4,14,16,148
5364244,True,29,55,85,354
4127196,True,0,3,33,308
30712,True,23,53,83,358
5632713,True,26,53,69,69
2396734,True,30,60,90,365
4616634,True,28,57,87,174
1175308,True,0,0,0,186
3157738,True,8,16,26,301
8866927,True,18,40,63,333
3657819,True,20,50,80,355
8212190,True,30,60,90,365
9030406,True,12,42,72,347
6884820,True,20,20,20,173
6821407,True,21,40,70,342
9563749,True,23,37,66,66
6474341,True,30,60,90,96
7038750,True,0,0,7,241
7824929,True,28,58,88,363
2277640,True,0,0,0,0
5620306,True,18,18,18,266
9693971,True,30,60,90,365
4739190,True,20,50,67,67
5219336,True,30,60,90,365
2298775,True,30,60,90,365
7455706,True,21,51,81,355
1142039,True,27,29,59,334
3563218,True,0,0,2,277
7789264,True,25,46,69,344
6935953,True,30,60,90,365
3441402,True,23,53,83,358
921571,True,0,0,0,128
5205984,True,30,60,90,365
5352741,True,30,60,90,365
1461971,True,0,0,0,2
6690388,True,16,46,76,343
1190571,True,30,60,90,365
231097,True,24,54,84,359
149489,True,30,60,90,365
3703121,True,25,55,85,174
3004007,True,19,37,67,329
3870937,True,5,31,61,336
3242247,True,24,54,84,359
6350606,True,28,31,61,336
8131762,True,19,49,79,271
9345786,True,30,60,90,365
6741526,True,30,60,90,186
6101613,True,21,38,58,324
1190224,True,30,60,90,365
8704931,True,25,55,85,170
9591718,True,30,60,90,365
9432497,True,0,18,47,82
7931111,True,13,43,72,72
5031357,True,29,59,89,364
6603376,True,14,43,71,338
3861673,True,18,44,71,311
461234,True,30,60,83,345
3510818,True,22,52,82,355
6245498,True,26,56,86,361
6557018,True,22,52,78,149
170469,True,26,56,86,359
7873789,True,19,48,78,167
6691873,True,0,0,0,216
7638689,True,11,15,15,140
5968862,True,0,0,0,243
260613,True,20,50,80,355
4718820,True,30,60,90,365
6897639,True,0,0,0,174
1023693,True,24,54,84,357
4438871,True,30,60,90,365
4438160,True,0,0,11,11
7870538,True,19,49,75,249
6153532,True,0,0,13,13
488268,True,28,58,87,87
6375415,True,26,52,80,339
4429898,True,0,3,33,308
5991139,True,4,12,12,259
6130287,True,30,60,90,365
1623894,True,0,0,0,93
6453383,True,9,25,41,265
25002,True,9,29,45,308
5183164,True,26,56,86,361
10235136,True,1,1,1,1
2352218,True,30,60,90,365
5695344,True,14,30,45,320
5403847,True,15,39,69,344
1187735,True,27,57,87,348
8976178,True,29,57,87,362
8717068,True,0,0,0,0
9717757,True,29,59,89,178
3308825,True,24,54,84,359
8921924,True,0,0,14,289
2260626,True,30,60,90,365
7635496,True,0,0,0,132
8086294,True,0,3,33,196
1097766,True,30,60,90,365
4950847,True,30,60,90,365
670056,True,0,0,0,93
7069080,True,30,60,90,365
4701146,True,30,60,90,365
670021,True,0,0,0,93
6813623,True,0,0,0,215
3208667,True,27,57,87,176
10332096,True,30,60,90,365
4951079,True,30,60,90,365
9233533,True,25,55,85,360
6782993,True,30,60,90,365
8340819,True,30,60,90,365
4024844,True,28,48,78,351
5397134,True,12,12,17,77
8061699,True,0,26,55,55
2934389,True,18,48,78,167
9316009,True,0,0,0,32
6652199,True,30,60,90,365
7948034,True,30,60,90,365
4291,True,30,60,90,365
7018009,True,0,27,35,304
7661577,True,2,24,54,107
7418814,True,30,60,90,365
4825073,True,23,53,83,358
9961388,True,27,27,27,27
8923774,True,3,3,3,251
7405128,True,0,0,2,277
8953255,True,0,3,33,308
9410302,True,30,60,90,365
8559462,True,30,60,90,342
9901852,True,30,60,71,71
1145941,True,13,18,48,323
7802149,True,27,57,87,220
3561108,True,30,60,90,365
5310503,True,29,55,84,84
4820795,True,0,0,0,89
4664312,True,30,60,90,365
2804399,True,26,36,66,341
9733835,True,18,18,18,27
9888395,True,4,4,4,4
7201336,True,27,51,81,356
4180905,True,0,0,0,2
6603061,True,24,54,84,173
8606766,True,25,55,84,180
5163047,True,30,60,90,365
8578023,True,11,25,34,92
9939038,True,21,51,80,80
9061048,True,0,0,0,124
7603457,True,28,54,82,351
5639238,True,0,0,0,270
5362889,True,16,46,76,340
7203408,True,0,0,0,156
7885859,True,0,0,0,115
10141859,True,30,60,90,365
7762347,True,0,0,0,124
544433,True,18,48,78,332
9410128,True,0,0,0,28
6276224,True,0,0,28,303
5252515,True,0,0,0,174
1622794,True,0,2,30,305
9171373,True,0,0,0,20
8423118,True,8,8,8,92
6248083,True,26,56,86,360
7932696,True,30,60,90,360
3215404,True,0,0,0,0
9522082,True,30,60,90,353
3040278,True,12,21,26,247
9939740,True,22,52,81,81
1071843,True,11,26,37,283
4973204,True,2,32,62,327
6584984,True,19,23,23,195
9118240,True,0,26,56,331
6971260,True,30,60,90,365
3738724,True,30,60,90,365
945833,True,0,7,7,213
5261239,True,27,57,87,362
4596493,True,0,0,0,44
4310055,True,30,60,90,179
3720429,True,0,18,48,323
6956301,True,0,0,0,170
6750430,True,28,28,33,33
8373664,True,27,55,81,355
6783394,True,12,12,12,255
9332620,True,0,0,0,93
6727846,True,4,4,4,189
1321090,True,30,60,76,296
10170744,True,29,59,89,364
8503720,True,27,57,80,80
6780670,True,30,60,90,365
9370738,True,4,4,4,264
1060467,True,30,60,90,365
9516743,True,0,0,0,21
6240501,True,0,7,10,11
8150145,True,18,48,78,85
8967776,True,0,0,0,52
10000273,True,11,41,71,346
9679301,True,26,56,80,169
8690491,True,0,10,10,69
7678064,True,25,55,84,173
7798575,True,0,0,0,2
4988679,True,30,60,89,89
6093756,True,30,60,90,365
7921289,True,3,3,3,109
10108451,True,8,8,8,8
8117705,True,2,2,2,17
4324917,True,23,52,79,354
5061566,True,0,0,16,291
8575663,True,25,55,84,142
8518308,True,10,26,44,308
3562617,True,0,0,0,186
7109735,True,0,0,0,161
8501721,True,30,60,90,365
5306727,True,16,46,74,74
909102,True,30,60,90,351
8608525,True,25,55,84,142
170273,True,30,60,90,365
7075913,True,1,5,5,100
481220,True,28,58,88,358
6961346,True,19,40,57,318
9975073,True,0,0,0,0
6517594,True,0,0,0,199
10170577,True,30,60,90,365
7680670,True,4,4,4,4
5946675,True,24,54,84,359
7162664,True,0,0,0,275
6901218,True,9,18,18,191
4951430,True,5,35,65,340
7202016,True,25,55,85,360
5538663,True,0,0,0,0
363064,True,30,60,90,179
7809595,True,19,46,69,332
9094836,True,30,60,90,365
3039438,True,0,0,0,97
8847979,True,13,43,72,72
4047399,True,0,0,0,93
66611,True,24,54,84,359
7279669,True,29,59,89,152
9716348,True,0,0,0,9
9887142,True,18,41,70,70
7007118,True,3,33,63,338
5325809,True,0,29,58,58
6342327,True,0,0,0,0
555182,True,30,60,90,365
6729818,True,0,0,0,184
66540,True,30,60,90,365
8098383,True,11,41,71,305
5930473,True,0,18,48,262
47491,True,17,47,77,166
447523,True,30,60,90,365
3961077,True,30,60,90,179
52525,True,30,60,90,365
6811792,True,25,50,80,272
7619727,True,0,0,0,122
270370,True,2,32,60,69
7221204,True,27,57,86,86
6495424,True,20,50,80,355
2737038,True,19,42,68,333
9034515,True,18,48,78,167
8147215,True,22,52,82,201
6376952,True,3,3,5,94
10319529,True,0,1,1,1
3613516,True,29,59,88,88
8780704,True,30,60,90,346
9714078,True,0,1,1,1
1593991,True,30,60,90,365
6239108,True,30,60,90,365
2303981,True,0,0,0,155
5104077,True,0,26,56,331
7434103,True,29,59,74,217
8233110,True,26,56,86,361
6438099,True,21,38,58,324
7650458,True,28,30,60,280
7219541,True,3,33,62,62
4092037,True,8,8,8,192
475361,True,30,60,83,358
6327662,True,2,32,62,265
9679741,True,26,29,58,58
2630912,True,0,0,0,267
6629657,True,30,60,90,365
1340668,True,30,60,90,365
8474584,True,20,50,71,340
9460991,True,30,60,90,365
7066118,True,19,38,68,343
4681885,True,30,60,90,365
9154462,True,0,5,5,20
3689416,True,30,60,89,89
3263722,True,29,59,89,178
5309974,True,19,19,20,20
1793138,True,0,0,11,286
8371720,True,30,60,90,365
8310249,True,30,60,90,365
8310398,True,30,60,90,365
158345,True,28,55,85,360
173896,True,28,56,84,356
6759038,True,30,60,90,365
9138923,True,24,51,81,352
6018416,True,1,1,6,263
1777158,True,0,0,11,286
5364414,True,20,20,32,284
1856253,True,27,57,87,362
6994406,True,0,0,0,223
1488166,True,30,60,90,365
463768,True,0,0,2,238
4334804,True,0,8,36,311
9331145,True,0,0,0,32
7389248,True,5,32,62,333
1022135,True,29,59,89,364
1219691,True,21,21,27,286
7969698,True,4,21,51,110
7403174,True,0,28,57,57
7368599,True,10,40,70,345
1692318,True,22,49,73,73
5950957,True,30,60,90,365
315120,True,28,58,88,363
3925572,True,30,60,90,365
5308339,True,0,0,0,0
8426749,True,6,31,61,336
107962,True,0,0,0,37
9220485,True,5,30,59,59
8446541,True,19,49,79,354
9675736,True,30,60,90,150
7534812,True,5,35,65,308
7839723,True,1,1,1,5
3209964,True,30,60,90,365
5607404,True,30,60,90,365
6103108,True,30,60,90,365
9938792,True,12,42,72,347
1851863,True,3,4,19,294
8130015,True,0,0,0,100
8957312,True,29,59,89,364
2426152,True,0,0,0,0
7826447,True,30,60,90,350
9595087,True,0,3,33,308
8524565,True,22,22,22,99
1561256,True,22,52,82,357
2686624,True,0,0,0,47
2897897,True,0,0,0,247
7748349,True,2,32,62,189
704477,True,29,59,88,88
8411627,True,29,59,89,178
7559939,True,30,60,90,365
8870139,True,5,31,61,336
7198282,True,20,45,75,350
7441508,True,30,60,90,365
5882923,True,23,49,74,338
6445769,True,22,49,78,78
3959460,True,9,39,69,158
7974112,True,30,60,90,365
320704,True,30,60,90,365
3250577,True,30,60,90,365
8053049,True,23,53,82,102
7349099,True,30,60,62,62
5022572,True,10,38,55,310
10191917,True,0,0,0,37
5123904,True,0,0,0,0
2471731,True,30,60,90,365
7803176,True,19,49,79,354
4318814,True,30,60,90,365
4187961,True,30,58,88,362
7161897,True,1,2,31,31
8611952,True,0,0,0,216
5805907,True,0,0,0,58
5433597,True,29,59,89,364
7968548,True,30,60,90,365
4638785,True,23,53,83,358
4104442,True,30,60,90,365
3883041,True,30,60,90,365
8441477,True,18,48,78,342
6119785,True,0,0,0,92
103466,True,29,57,84,359
8168876,True,28,32,62,331
2557712,True,0,0,0,219
3238295,True,14,30,60,149
4784639,True,30,60,90,365
4403171,True,30,60,90,365
1133329,True,0,0,0,58
2723368,True,3,33,63,338
7420762,True,19,49,79,79
4947002,True,27,57,87,362
3209633,True,23,53,83,358
4395502,True,30,60,90,365
6992387,True,30,60,90,365
9068419,True,9,32,57,332
5029665,True,0,9,16,18
9229043,True,29,59,89,364
4084398,True,19,49,79,226
6577729,True,19,42,72,347
9199082,True,0,0,0,39
7970663,True,30,60,89,89
2858482,True,25,51,81,170
9715029,True,14,28,47,298
7748866,True,30,60,89,89
9739482,True,27,57,87,362
5078129,True,30,60,89,89
2808357,True,0,0,0,0
6543677,True,18,45,74,74
202251,True,30,60,90,365
8402434,True,11,22,33,112
6438518,True,15,45,75,347
5444457,True,30,60,90,365
7574864,True,0,11,21,27
2969955,True,0,0,0,247
9473312,True,12,31,60,60
254340,True,30,60,90,365
496074,True,30,60,90,365
9217337,True,30,60,90,364
4130102,True,5,24,38,107
1256892,True,26,56,86,361
9348375,True,0,0,0,30
4598160,True,22,50,80,169
6127974,True,20,50,80,169
748526,True,29,52,82,357
3908378,True,16,46,76,104
2868006,True,0,0,0,125
5683646,True,20,36,66,341
2762241,True,30,60,90,365
4760181,True,30,60,89,89
4287974,True,29,59,89,178
48848,True,0,22,38,172
9999759,True,0,6,21,61
3774113,True,30,60,90,365
8227710,True,27,53,79,304
23919,True,30,55,85,317
7698721,True,30,60,90,365
7872818,True,18,36,66,155
8289871,True,30,60,90,365
1737244,True,30,60,90,365
1429904,True,16,39,69,344
9074837,True,0,0,0,247
4278896,True,24,52,82,357
4016079,True,0,28,58,146
7389950,True,22,52,82,357
3529563,True,30,60,90,365
8612922,True,30,60,90,179
7564942,True,0,0,0,130
5228066,True,1,7,37,312
8150045,True,14,44,56,56
3413183,True,30,60,90,365
3123041,True,23,53,83,356
2492143,True,30,60,90,365
6714652,True,30,60,90,365
6678058,True,30,60,83,357
1696194,True,30,60,90,361
9352778,True,16,42,72,289
2720963,True,30,60,90,365
6591879,True,30,60,90,364
10023353,True,30,50,80,223
8207987,True,30,60,90,365
3971346,True,30,60,90,362
3382533,True,24,53,83,349
8943821,True,0,0,0,53
4485424,True,30,55,85,184
7227464,True,6,36,66,341
2958318,True,0,0,0,2
4066344,True,30,60,90,365
8012443,True,30,60,90,365
8094338,True,30,60,90,365
5096363,True,23,53,83,358
1980283,True,2,32,62,337
2761092,True,26,56,86,361
4163204,True,30,60,90,365
1145148,True,0,0,28,303
7039427,True,7,27,53,324
7527242,True,23,53,83,249
8286095,True,15,45,75,350
9238818,True,30,60,90,365
3025456,True,30,51,76,351
6888107,True,29,59,89,364
3242605,True,16,16,16,32
6118198,True,24,54,84,359
189156,True,17,26,55,55
6990677,True,30,52,82,357
8194886,True,0,0,0,0
8645226,True,0,0,0,69
859467,True,3,33,63,338
9096972,True,24,44,66,66
1246117,True,27,54,54,87
7665415,True,0,0,1,248
8583457,True,30,48,78,353
146301,True,0,28,58,327
677266,True,29,59,89,364
9419,True,30,60,90,365
1950012,True,0,0,0,93
9508837,True,9,39,69,338
226677,True,29,59,89,364
7256122,True,19,49,79,353
6765354,True,28,58,87,87
3303376,True,0,0,0,272
10060388,True,1,19,19,58
8570596,True,30,60,82,352
4589654,True,30,60,90,364
7843145,True,0,26,56,331
8194164,True,30,60,90,365
4252591,True,30,60,90,365
6810430,True,7,25,49,291
902609,True,30,60,90,328
696004,True,30,60,90,365
4824581,True,29,59,89,361
72743,True,29,59,89,364
6019762,True,0,0,0,232
6133684,True,30,60,90,365
4182732,True,30,60,90,365
6479027,True,25,50,50,171
2508065,True,0,0,28,303
8089781,True,9,27,27,130
7692789,True,30,60,90,365
8136553,True,30,60,90,365
1042022,True,25,55,85,356
8863714,True,24,24,38,38
4557204,True,0,0,0,0
6644760,True,0,12,42,312
8764748,True,25,55,85,360
9342299,True,30,60,90,365
4464542,True,0,0,0,94
3817141,True,1,1,29,304
2103939,True,26,53,81,81
8387068,True,2,28,52,295
5249067,True,0,3,33,308
7620570,True,30,60,90,365
6993726,True,0,0,0,0
9463491,True,30,60,90,365
6908161,True,0,0,18,293
9169270,True,30,60,78,78
7940358,True,0,5,15,128
4632923,True,0,0,0,272
2764126,True,0,0,28,303
4710866,True,23,53,83,357
3994601,True,15,45,72,347
7873208,True,5,5,8,283
3811828,True,22,52,82,357
7873345,True,23,53,83,358
3811930,True,23,53,83,358
2670365,True,19,46,76,162
4225225,True,30,60,90,365
5728135,True,30,60,89,89
1818768,True,24,54,83,83
8689375,True,26,56,86,361
9509695,True,0,0,0,22
9156273,True,30,60,90,365
6185083,True,30,60,90,365
5738982,True,0,0,0,262
8969737,True,0,0,0,52
2500188,True,30,60,90,365
3416590,True,30,60,90,365
6074312,True,30,60,90,153
9696950,True,30,60,90,365
9920856,True,30,60,90,365
2268329,True,30,60,90,272
8868025,True,30,60,90,365
1049293,True,0,0,0,0
4401544,True,16,38,38,38
7275464,True,19,49,79,168
7823973,True,12,12,27,302
8507873,True,0,0,0,75
8131881,True,19,42,67,156
6592178,True,3,33,62,62
825574,True,5,35,62,324
194313,True,30,60,90,362
5470943,True,24,45,75,164
1547337,True,21,46,76,351
3932674,True,5,5,5,38
3811955,True,18,48,78,353
6911511,True,0,26,56,145
5040885,True,0,11,11,19
1633025,True,30,60,90,365
7492006,True,30,60,90,365
7368959,True,29,59,89,364
6934128,True,30,60,90,365
8409695,True,30,60,90,365
7050204,True,30,60,90,365
8926188,True,27,54,84,359
5297143,True,30,60,89,89
6228211,True,0,0,0,222
1815677,True,4,34,64,153
4388148,True,25,55,84,84
1432713,True,30,60,90,365
4454264,True,30,60,90,365
5164194,True,0,12,42,317
6066570,True,0,0,0,36
1880734,True,29,59,89,364
7127036,True,0,0,0,160
10248139,True,15,29,34,34
1974131,True,14,30,48,287
8306581,True,24,28,28,132
6627184,True,0,0,0,192
2211594,True,30,60,90,365
8613792,True,0,0,0,72
2367298,True,30,60,90,365
7871885,True,27,47,77,166
7025898,True,29,59,89,364
722537,True,16,46,76,314
9435279,True,30,60,90,365
10135468,True,3,33,63,338
2882641,True,0,0,0,262
7805332,True,2,32,61,336
7584142,True,30,60,90,365
1307898,True,0,6,6,83
9435483,True,30,60,90,365
3446274,True,29,59,89,152
3041619,True,0,0,0,34
10139271,True,28,58,88,356
47196,True,13,43,73,348
8296857,True,25,51,81,291
8845144,True,30,60,90,365
5969069,True,0,0,0,269
9368677,True,27,57,86,86
6837338,True,9,21,38,38
6865696,True,30,60,90,365
6591894,True,18,48,78,352
3773784,True,29,59,89,178
10318171,True,29,59,89,364
3666970,True,25,55,85,360
3994634,True,9,39,69,344
8090541,True,9,9,9,112
7222136,True,29,59,89,364
299817,True,30,60,90,365
5927083,True,30,60,90,365
6066185,True,15,27,41,220
5685908,True,30,60,89,89
9023202,True,0,0,0,49
707424,True,30,60,90,358
7151093,True,30,60,90,365
8924032,True,9,39,62,62
1002835,True,30,60,90,365
8670484,True,30,60,90,365
9727246,True,30,60,90,364
2526405,True,30,56,86,160
4710869,True,17,47,77,352
3504521,True,30,60,62,62
6637899,True,9,9,9,245
3811872,True,16,46,76,351
3720731,True,30,60,90,365
3926008,True,10,38,68,343
9863565,True,30,60,90,365
7824426,True,30,60,90,364
2778101,True,30,60,90,365
10019082,True,30,55,85,89
6586979,True,27,53,83,358
9618016,True,0,0,0,15
442487,True,6,6,6,242
8457402,True,14,38,68,343
2297917,True,27,45,75,350
1920477,True,17,47,77,352
7860837,True,30,47,66,66
5304739,True,0,3,33,278
8051134,True,30,54,84,359
1557314,True,30,60,90,365
451012,True,0,0,0,17
6797786,True,30,60,90,365
2474569,True,30,60,90,365
689309,True,28,55,55,318
5059981,True,0,23,53,328
3986793,True,8,28,57,57
1594313,True,0,0,0,267
4936647,True,0,3,33,308
1594219,True,0,0,0,267
8799588,True,26,56,86,361
7662775,True,30,60,89,89
490076,True,15,40,52,176
9217030,True,28,58,88,363
7756839,True,0,0,0,246
116221,True,0,0,0,248
6921373,True,11,35,65,332
7743727,True,0,0,0,121
649243,True,30,60,90,365
2989758,True,8,29,47,75
4518474,True,23,53,83,358
1796302,True,5,9,25,25
53803,True,0,3,33,308
6867053,True,0,0,2,277
9693230,True,12,12,12,23
6750264,True,0,0,0,0
6392029,True,0,0,0,143
2731253,True,21,51,81,356
5625964,True,0,0,0,0
38545,True,22,52,82,357
8699046,True,0,0,0,67
9174327,True,20,35,64,64
6169489,True,0,0,0,227
9511777,True,5,5,8,8
3489837,True,30,60,90,365
5905958,True,0,0,0,127
3768742,True,30,60,90,365
1593939,True,30,60,90,365
6087451,True,20,48,78,352
6179956,True,21,51,81,111
10060674,True,0,3,3,3
9822848,True,5,5,5,5
2391699,True,5,19,49,314
1118153,True,17,36,61,336
1100686,True,20,42,72,347
9925458,True,30,60,90,365
1146966,True,17,41,70,70
2525172,True,18,38,66,341
8463726,True,27,43,73,348
51826,True,30,60,90,365
7805491,True,30,60,90,365
7701014,True,21,51,81,356
1279660,True,23,48,78,353
5252877,True,23,53,83,358
935845,True,1,1,28,28
3844087,True,23,53,83,358
6923948,True,0,0,0,172
7178239,True,0,2,32,302
2075094,True,30,60,90,365
5892185,True,0,20,50,325
7596455,True,30,60,90,365
9513636,True,29,59,89,364
5992032,True,30,60,90,365
3534444,True,0,0,0,0
8080939,True,30,60,85,360
5525073,True,0,0,0,275
5402304,True,0,0,0,186
6288141,True,21,51,81,356
1781723,True,4,4,15,16
2061463,True,0,0,1,124
4871348,True,22,47,76,76
7616031,True,29,59,80,330
7761509,True,0,23,52,52
6516775,True,30,60,90,365
5848330,True,29,59,89,364
9189391,True,30,60,90,365
9533803,True,0,0,15,15
5902452,True,28,58,88,363
219532,True,0,0,0,233
7217102,True,30,60,90,365
2727808,True,18,48,78,346
7151417,True,30,60,90,365
7069143,True,0,0,8,97
8683011,True,22,44,72,347
4357979,True,29,35,37,312
8118110,True,30,60,89,89
5766989,True,24,54,83,358
8306501,True,16,46,76,315
4349344,True,18,26,56,324
8633733,True,21,51,81,274
7396707,True,30,60,90,365
394408,True,0,0,0,168
8412143,True,25,55,85,360
5728739,True,25,55,85,360
3931571,True,30,60,69,163
3899160,True,30,55,73,73
8428825,True,0,0,0,83
3554558,True,23,53,83,343
3931346,True,30,60,90,365
4250749,True,17,47,74,349
6290509,True,26,56,86,347
2693700,True,25,53,83,358
7857241,True,0,0,0,121
8009814,True,29,59,89,364
3963320,True,30,60,90,365
6289789,True,22,52,82,357
1513847,True,23,50,75,350
6183721,True,22,52,82,355
5061411,True,30,60,90,244
3594959,True,17,47,77,352
637710,True,1,31,61,336
8968494,True,0,0,0,52
1702092,True,30,60,90,365
5781547,True,30,60,90,351
7821351,True,2,2,2,122
6937071,True,0,0,0,171
3258386,True,30,60,90,365
6592421,True,3,32,62,337
3143175,True,0,0,19,294
4322622,True,23,44,73,73
9262389,True,2,16,37,37
6043482,True,0,0,0,237
8632651,True,24,27,27,260
6107901,True,10,28,55,281
4993710,True,30,60,90,365
7853498,True,0,23,52,52
430609,True,26,56,86,361
7646637,True,30,60,90,365
1069562,True,30,60,89,89
119103,True,25,50,80,355
8687967,True,30,60,90,365
282934,True,29,37,37,37
5787922,True,17,47,77,352
8081658,True,30,60,90,365
3898413,True,27,57,87,350
7009282,True,30,60,90,365
9196007,True,8,14,14,14
4100009,True,22,49,49,49
4738971,True,27,34,36,311
692671,True,0,0,2,277
5893969,True,1,1,1,3
215954,True,30,60,90,365
2494157,True,26,56,83,255
7745196,True,20,46,76,347
4645405,True,28,54,84,359
2755730,True,18,48,78,335
7949448,True,29,59,89,178
9288840,True,0,0,0,34
3312406,True,17,44,66,341
6621924,True,30,60,89,89
5673552,True,2,2,2,265
609701,True,25,48,75,307
10118341,True,2,2,2,2
2614387,True,19,42,72,338
7735100,True,6,6,6,269
5482204,True,0,0,0,275
4524575,True,30,56,85,85
8562314,True,0,0,0,247
9698202,True,25,51,72,328
7178490,True,23,53,83,358
8054902,True,19,49,79,329
5458027,True,0,0,0,109
4940491,True,4,21,51,325
1844791,True,19,19,19,294
6120046,True,30,60,90,365
262764,True,13,43,73,227
8578490,True,2,10,13,221
3383329,True,11,30,43,287
8101950,True,18,32,32,32
8902327,True,6,26,44,273
10267360,True,29,59,88,88
9604740,True,30,60,90,179
10208623,True,7,7,7,7
